Workbook
Name Choose_Single__Double_or_No: 'Data Tables'!$J$10:$J$14
Name Choose_Yes_or_No: 'Data Tables'!$J$5:$J$8
Name Door_Model: 'Data Tables'!$A$2:$A$6
Name Track_Size: 'Data Tables'!$J$1:$J$3
Name Windows: 'Data Tables'!$Z$1:$Z$7

Sheet New Input Data
A2: TX450-20 | D2: 7 | E2: 8 | F2: '' x | G2: 7 | H2: 11 | I2: (WxH)

Sheet Work Order
A1: TX450 | E1: 16 | F1: 2 | G1: x | H1: 14 | I1: 2 | J1: (W x H)
B2: Panels & | F2: Sections
A3: R112G - 34" x 16" Thermo. Window | I3: Low Head Room Front Mount | O3: 3 | P3: Track
A4: UST =
A5: 1.25 | C5: Solid Shaft
A6: Angle Mount | E6: on | F6: Steel
A7: 1 | B7: pcs x | D7: 1.25 | F7: Shaft Coupling | I7: , | J7: Pillow Bearing
A8: Weatherstrip (Alum. Stops, mill finish, c/w vinyl)
A9: Hat Strut 20 Ga | E9: pcs
A10: Double end hinges | E10: & | F10: =O3 -> 3 | G10: Rollers | I10: Double end Frame
A11: Double end caps | E11: 20 | F11: Gauge
A12: Wrapping
A13: Serial #:
A16: Hinge Location: | D16: 1) | E16: 48 | F16: 2) | G16: 97 | H16: 3) | I16: 145

Sheet Sprinc Calc
B1: Coil | C1: Wire | D1: Length | E1: Qty | F1: Galv | G1: Cycles | H1: Cycles Calc
A2: Spring: | B2: ='Input Data'!E43 -> 2.625 | C2: =SUMIFS(B39:B58,A39:A58,B2,D39:D58,G2,H39:H58,1) -> 0 | D2: =SUMIFS(I39:I58,A39:A58,B2,D39:D58,G2) -> 0 | E2: ='Input Data'!D43 -> 4 | F2: ='Input Data'!H43 -> No | G2: ='Input Data'!I43 -> 10000 | H2: =IF(G2=100000,ROUND(O37/1000,0)*1000,ROUND(O33/1000,0)*1000) -> #N/A
F3: Cycle Column | G3: =IF(G2=10000,2,IF(G2=15000,3,IF(G2=25000,4,IF(G2=50000,5,IF(G2=100000,6,0))))) -> 2
B4: Maximum Inch Pound (MIP) Spring Capacity Table | I4: Divider and Dead Coil Factor Table | S4: Divider and Dead Coil Factor Table
I5: Oil Spring | S5: Galvanized Spring
C6: Cycles | J6: Coil Diameter | N6: Dead Coil Factor (1) | T6: Coil Diameter | X6: Dead Coil Factor (1)
B7: Wire Diam | C7: 10000 (2) | D7: 15000 (3) | E7: 25000(4) | F7: 50000(5) | G7: 100000(6) | I7: Wire Diam | J7: 2 | K7: 2.625 | L7: 3.75 | M7: 6 | N7: Factor 1 | O7: Factor 2 | S7: Wire Diam | T7: 2 | U7: 2.625 | V7: 3.75 | W7: 6 | X7: Factor 1 | Y7: Factor 2
A8: 1 | B8: 0.218 | C8: 247 | D8: 229 | E8: 206 | F8: 177 | G8: 153 | I8: 0.218 | J8: 664.5 | N8: 1.09 | O8: 0.66 | S8: 0.218 | T8: 664.5 | X8: 1.09 | Y8: 0.66
A9: 2 | B9: 0.225 | C9: 268 | D9: 249 | E9: 224 | F9: 193 | G9: 166 | I9: 0.225 | J9: 768.8 | N9: 1.13 | O9: 0.68 | S9: 0.225 | T9: 768.8 | X9: 1.13 | Y9: 0.68
A10: 3 | B10: 0.234 | C10: 298 | D10: 276 | E10: 249 | F10: 214 | G10: 184 | I10: 0.234 | J10: 933.3 | N10: 1.17 | O10: 0.7 | S10: 0.234 | T10: 933.3 | X10: 1.17 | Y10: 0.7
A11: 4 | B11: 0.243 | C11: 337 | D11: 309 | E11: 279 | F11: 240 | G11: 206 | I11: 0.243 | J11: 1129 | N11: 1.22 | O11: 0.73 | S11: 0.243 | T11: 1129 | X11: 1.22 | Y11: 0.73
A12: 5 | B12: 0.25 | C12: 358 | D12: 332 | E12: 300 | F12: 257 | G12: 222 | I12: 0.25 | J12: 1279.1 | K12: 1001 | L12: 719.5 | N12: 1.25 | O12: 0.75 | S12: 0.25 | T12: 1279.1 | U12: 1001 | V12: 0 | X12: 1.25 | Y12: 0.75
A13: 6 | B13: 0.262 | C13: 411 | D13: 381 | E13: 343 | F13: 295 | G13: 254 | I13: 0.262 | J13: 1623.4 | K13: 1272 | L13: 915.4 | N13: 1.31 | O13: 0.79 | S13: 0.262 | T13: 1623.4 | U13: 1272 | V13: 915.4 | X13: 1.31 | Y13: 0.79
A14: 7 | B14: 0.273 | C14: 458 | D14: 425 | E14: 383 | F14: 329 | G14: 283 | I14: 0.273 | J14: 1966 | K14: 1542 | L14: 1110.8 | N14: 1.37 | O14: 0.82 | S14: 0.273 | T14: 1966 | U14: 1542 | V14: 1110.8 | X14: 1.37 | Y14: 0.82
A15: 8 | B15: 0.283 | C15: 506 | D15: 470 | E15: 424 | F15: 364 | G15: =313 -> 313 | I15: 0.283 | J15: 2343.1 | K15: 1839.5 | L15: 1326.4 | N15: 1.42 | O15: 0.85 | S15: 0.283 | T15: 2343.1 | U15: 1839.5 | V15: 1326.4 | X15: 1.42 | Y15: 0.85
A16: 9 | B16: 0.295 | C16: 569 | D16: 527 | E16: 476 | F16: 408 | G16: 352 | I16: 0.295 | K16: 2254.8 | L16: 1627.7 | N16: 1.48 | O16: 0.89 | S16: 0.295 | U16: 2254.8 | V16: 1627.7 | X16: 1.48 | Y16: 0.89
A17: 10 | B17: 0.306 | C17: 633 | D17: 587 | E17: 529 | F17: 454 | G17: 391 | I17: 0.306 | L17: 1965.1 | N17: 1.52 | O17: 0.92 | S17: 0.306 | U17: 0 | V17: 1965.1 | X17: 1.52 | Y17: 0.92
A18: 11 | B18: 0.312 | C18: 668 | D18: 619 | E18: 559 | F18: 480 | G18: 413 | I18: 0.312 | K18: 2989.8 | L18: 2161.9 | M18: =1391.3*0 -> 0 | N18: 1.56 | O18: 0.94 | S18: 0.312 | U18: 2989.8 | V18: 2161.9 | W18: 0 | X18: 1.56 | Y18: 0.94
A19: 12 | B19: 0.319 | C19: 710 | D19: 659 | E19: 594 | F19: 510 | G19: 439 | I19: 0.319 | L19: 2410.9 | M19: 1552.5 | N19: 1.6 | O19: 0.96 | S19: 0.319 | V19: 2410.9 | W19: 0 | X19: 1.6 | Y19: 0.96
A20: 13 | B20: 0.331 | C20: 784 | D20: 727 | E20: 656 | F20: 563 | G20: 485 | I20: 0.331 | L20: 2869.1 | M20: 1849.4 | N20: 1.66 | O20: 0.99 | S20: 0.331 | V20: 0 | W20: 0 | X20: 1.66 | Y20: 0.99
A21: 14 | B21: 0.343 | C21: 871 | D21: 808 | E21: 729 | F21: 626 | G21: 538 | I21: 0.343 | L21: 3452.7 | M21: 2228.1 | N21: 1.72 | O21: 1.03 | S21: 0.343 | V21: 0 | W21: 2228.1 | X21: 1.72 | Y21: 1.03
A22: 15 | B22: 0.362 | C22: 1011 | D22: 937 | E22: 845 | F22: 726 | G22: 625 | I22: 0.362 | L22: 4485.5 | M22: 2899.3 | N22: 1.81 | O22: 1.09 | S22: 0.362 | V22: 0 | W22: 2899.3 | X22: 1.81 | Y22: 1.09
A23: 16 | B23: 0.375 | C23: 1111 | D23: 1030 | E23: 929 | F23: 798 | G23: 687 | I23: 0.375 | M23: 3428.1 | N23: 1.88 | O23: 1.13 | S23: 0.375 | W23: 3428.1 | X23: 1.88 | Y23: 1.13
A24: 17 | B24: 0.393 | C24: 1273 | D24: 1181 | E24: 1065 | F24: 914 | G24: 787 | I24: 0.393 | M24: 4365.1 | N24: 1.97 | O24: 1.18 | S24: 0.393 | W24: 0 | X24: 1.97 | Y24: 1.18
A25: 18 | B25: 0.406 | C25: 1388 | D25: 1287 | E25: 1161 | F25: 997 | G25: 858 | I25: 0.406 | M25: 5087.1 | N25: 2.03 | O25: 1.22 | S25: 0.406 | W25: 0 | X25: 2.03 | Y25: 1.22
A26: 19 | B26: 0.437 | C26: 1708 | D26: 1584 | E26: 1428 | F26: 1227 | G26: 1056 | I26: 0.437 | M26: 7337.1 | N26: 2.19 | O26: 1.31 | S26: 0.437 | W26: 0 | X26: 2.19 | Y26: 1.31
B28: Wire | C28: =IF(C8>=$F$35,$B$8,IF(C9>=$F$35,$B$9,IF(C10>=$F$35,$B$10,IF(C11>=$F$35,$B$11,IF(C12>=$F$35,$B$12,IF(C13>=$F$35,$B$13,IF(C14>=$F$35,$B$14,IF(C15>=$F$35,$B$15,IF(C16>=$F$35,$B$16,IF(C17>=$F$35,$B$17,IF(C18>=$F$35,$B$18,(IF(C19>=$F$35,$B$19,IF(C20>=$F$35,$B$20,IF(C21>=$F$35,$B$21,IF(C22>=$F$35,$B$22,IF(C23>=$F$35,$B$23,IF(C24>=$F$35,$B$24,IF(C25>=$F$35,$B$25,IF(C26>=$F$35,$B$26,0)))))))))))))))))))) -> 0.312 | D28: =IF(D8>=$F$35,$B$8,IF(D9>=$F$35,$B$9,IF(D10>=$F$35,$B$10,IF(D11>=$F$35,$B$11,IF(D12>=$F$35,$B$12,IF(D13>=$F$35,$B$13,IF(D14>=$F$35,$B$14,IF(D15>=$F$35,$B$15,IF(D16>=$F$35,$B$16,IF(D17>=$F$35,$B$17,IF(D18>=$F$35,$B$18,(IF(D19>=$F$35,$B$19,IF(D20>=$F$35,$B$20,IF(D21>=$F$35,$B$21,IF(D22>=$F$35,$B$22,IF(D23>=$F$35,$B$23,IF(D24>=$F$35,$B$24,IF(D25>=$F$35,$B$25,IF(D26>=$F$35,$B$26,0)))))))))))))))))))) -> 0.331 | E28: =IF(E8>=$F$35,$B$8,IF(E9>=$F$35,$B$9,IF(E10>=$F$35,$B$10,IF(E11>=$F$35,$B$11,IF(E12>=$F$35,$B$12,IF(E13>=$F$35,$B$13,IF(E14>=$F$35,$B$14,IF(E15>=$F$35,$B$15,IF(E16>=$F$35,$B$16,IF(E17>=$F$35,$B$17,IF(E18>=$F$35,$B$18,(IF(E19>=$F$35,$B$19,IF(E20>=$F$35,$B$20,IF(E21>=$F$35,$B$21,IF(E22>=$F$35,$B$22,IF(E23>=$F$35,$B$23,IF(E24>=$F$35,$B$24,IF(E25>=$F$35,$B$25,IF(E26>=$F$35,$B$26,0)))))))))))))))))))) -> 0.343 | F28: =IF(F8>=$F$35,$B$8,IF(F9>=$F$35,$B$9,IF(F10>=$F$35,$B$10,IF(F11>=$F$35,$B$11,IF(F12>=$F$35,$B$12,IF(F13>=$F$35,$B$13,IF(F14>=$F$35,$B$14,IF(F15>=$F$35,$B$15,IF(F16>=$F$35,$B$16,IF(F17>=$F$35,$B$17,IF(F18>=$F$35,$B$18,(IF(F19>=$F$35,$B$19,IF(F20>=$F$35,$B$20,IF(F21>=$F$35,$B$21,IF(F22>=$F$35,$B$22,IF(F23>=$F$35,$B$23,IF(F24>=$F$35,$B$24,IF(F25>=$F$35,$B$25,IF(F26>=$F$35,$B$26,0)))))))))))))))))))) -> 0.362 | G28: =IF(G8>=$F$35,$B$8,IF(G9>=$F$35,$B$9,IF(G10>=$F$35,$B$10,IF(G11>=$F$35,$B$11,IF(G12>=$F$35,$B$12,IF(G13>=$F$35,$B$13,IF(G14>=$F$35,$B$14,IF(G15>=$F$35,$B$15,IF(G16>=$F$35,$B$16,IF(G17>=$F$35,$B$17,IF(G18>=$F$35,$B$18,(IF(G19>=$F$35,$B$19,IF(G20>=$F$35,$B$20,IF(G21>=$F$35,$B$21,IF(G22>=$F$35,$B$22,IF(G23>=$F$35,$B$23,IF(G24>=$F$35,$B$24,IF(G25>=$F$35,$B$25,IF(G26>=$F$35,$B$26,0)))))))))))))))))))) -> 0.375 | I28: Note 1: | J28: If coil Diameter is smaller than 3.5 choose Factor 1, otherwise choose Factor 2. | S28: Note 1: | T28: If coil Diameter is smaller than 3.5 choose Factor 1, otherwise choose Factor 2.
E30: Drum Width | F30: ='Sub Routine Drums'!S21 -> 3.33 | K30: interpolation
E31: Space between springs (min) | F31: 6 | K31: X1 | L31: =VLOOKUP(C2,B8:G26,G3,FALSE) -> #N/A | N31: X2 | O31: =VLOOKUP(C2,B8:G26,G3+1,FALSE) -> #N/A
E32: Free space (min) | F32: 6 | K32: Y1 | L32: =G2 -> 10000 | N32: Y2 | O32: =IF(L32=10000,15000,IF(L32=15000,25000,IF(L32=25000,50000,IF(L32=50000,100000,0)))) -> 15000
E33: Turns | F33: ='Input Data'!E41 -> 10.7 | K33: X | L33: =F35 -> 663.06562 | N33: Y2 | O33: =(L33-L31)*(O32-L32)/(O31-L31)+L32 -> #N/A
E34: IPPT | F34: ='Input Data'!I41 -> 247.875
E35: MIP | F35: =F34*F33/F36 -> 663.06562 | K35: X1 | L35: =VLOOKUP(C2,B8:G26,G3-1,FALSE) -> #N/A | N35: X2 | O35: =VLOOKUP(C2,B8:G26,6,FALSE) -> #N/A
E36: Spring Qty | F36: ='Input Data'!D43 -> 4 | K36: Y1 | L36: =50000 -> 50000 | N36: Y2 | O36: 100000
A37: Single Spring | K37: X | L37: =F35 -> 663.06562 | N37: Y2 | O37: =(L37-L35)*(O36-L36)/(O35-L35)+L36 -> #N/A
A38: Coil Diam | B38: Wire | C38: Total Spring Length | D38: Cycles | E38: Divider | F38: Dead Coil Factor 1,2 | G38: Spring Assembly Length | H38: Spring Length Conditions | I38: Spring Lengh Filtered
A39: 2 | B39: =$C$28 -> 0.312 | C39: =IF(E39=0,0,$F$36*E39/$F$34+F39) -> 0 | D39: 10000 | E39: =IF('Input Data'!$H$43="No",SUMIFS($J$8:$J$26,$I$8:$I$26,B39),SUMIFS($T$8:$T$26,$S$8:$S$26,B39)) -> 0 | F39: =SUMIFS($X$8:$X$26,$S$8:$S$26,B39) -> 1.56 | G39: =IF(C39=0,0,(B39*$F$33+3+C39)*$F$36+($F$36-1)*$F$31+(2+'Input Data'!$E$18)*$F$30) -> 0 | H39: =IF(AND($E$60<=C39,C39<$E$59),IF(G39=0,0,IF(G39<'Input Data'!$F$4*IF('Input Data'!$J$43="Yes",2,1)-$F$32,1,0)),0) -> 0 | I39: =C39*H39 -> 0
A40: =A39 -> 2 | B40: =$D$28 -> 0.331 | C40: =IF(E40=0,0,$F$36*E40/$F$34+F40) -> 0 | D40: 15000 | E40: =IF('Input Data'!$H$43="No",SUMIFS($J$8:$J$26,$I$8:$I$26,B40),SUMIFS($T$8:$T$26,$S$8:$S$26,B40)) -> 0 | F40: =SUMIFS($X$8:$X$26,$S$8:$S$26,B40) -> 1.66 | G40: =IF(C40=0,0,(B40*$F$33+3+C40)*$F$36+($F$36-1)*$F$31+(2+'Input Data'!$E$18)*$F$30) -> 0 | H40: =IF(AND($E$60<=C40,C40<$E$59),IF(G40=0,0,IF(G40<'Input Data'!$F$4*IF('Input Data'!$J$43="Yes",2,1)-$F$32,1,0)),0) -> 0 | I40: =C40*H40 -> 0
A41: =A39 -> 2 | B41: =$E$28 -> 0.343 | C41: =IF(E41=0,0,$F$36*E41/$F$34+F41) -> 0 | D41: 25000 | E41: =IF('Input Data'!$H$43="No",SUMIFS($J$8:$J$26,$I$8:$I$26,B41),SUMIFS($T$8:$T$26,$S$8:$S$26,B41)) -> 0 | F41: =SUMIFS($X$8:$X$26,$S$8:$S$26,B41) -> 1.72 | G41: =IF(C41=0,0,(B41*$F$33+3+C41)*$F$36+($F$36-1)*$F$31+(2+'Input Data'!$E$18)*$F$30) -> 0 | H41: =IF(AND($E$60<=C41,C41<$E$59),IF(G41=0,0,IF(G41<'Input Data'!$F$4*IF('Input Data'!$J$43="Yes",2,1)-$F$32,1,0)),0) -> 0 | I41: =C41*H41 -> 0
A42: =A39 -> 2 | B42: =$F$28 -> 0.362 | C42: =IF(E42=0,0,$F$36*E42/$F$34+F42) -> 0 | D42: 50000 | E42: =IF('Input Data'!$H$43="No",SUMIFS($J$8:$J$26,$I$8:$I$26,B42),SUMIFS($T$8:$T$26,$S$8:$S$26,B42)) -> 0 | F42: =SUMIFS($X$8:$X$26,$S$8:$S$26,B42) -> 1.81 | G42: =IF(C42=0,0,(B42*$F$33+3+C42)*$F$36+($F$36-1)*$F$31+(2+'Input Data'!$E$18)*$F$30) -> 0 | H42: =IF(AND($E$60<=C42,C42<$E$59),IF(G42=0,0,IF(G42<'Input Data'!$F$4*IF('Input Data'!$J$43="Yes",2,1)-$F$32,1,0)),0) -> 0 | I42: =C42*H42 -> 0
A43: =A39 -> 2 | B43: =$G$28 -> 0.375 | C43: =IF(E43=0,0,$F$36*E43/$F$34+F43) -> 0 | D43: 100000 | E43: =IF('Input Data'!$H$43="No",SUMIFS($J$8:$J$26,$I$8:$I$26,B43),SUMIFS($T$8:$T$26,$S$8:$S$26,B43)) -> 0 | F43: =SUMIFS($X$8:$X$26,$S$8:$S$26,B43) -> 1.88 | G43: =IF(C43=0,0,(B43*$F$33+3+C43)*$F$36+($F$36-1)*$F$31+(2+'Input Data'!$E$18)*$F$30) -> 0 | H43: =IF(AND($E$60<=C43,C43<$E$59),IF(G43=0,0,IF(G43<'Input Data'!$F$4*IF('Input Data'!$J$43="Yes",2,1)-$F$32,1,0)),0) -> 0 | I43: =C43*H43 -> 0
A44: 2.625 | B44: =$C$28 -> 0.312 | C44: =IF(E44=0,0,$F$36*E44/$F$34+F44) -> 49.806899 | D44: 10000 | E44: =IF('Input Data'!$H$43="No",SUMIFS($K$8:$K$26,$I$8:$I$26,B44),SUMIFS($U$8:$U$26,$S$8:$S$26,B44)) -> 2989.8 | F44: =SUMIFS($X$8:$X$26,$S$8:$S$26,B44) -> 1.56 | G44: =IF(C44=0,0,(B44*$F$33+3+C44)*$F$36+($F$36-1)*$F$31+(2+'Input Data'!$E$18)*$F$30) -> 249.24119 | H44: =IF(AND($E$61<=C44,C44<$E$59),IF(G44=0,0,IF(G44<'Input Data'!$F$4*IF('Input Data'!$J$43="Yes",2,1)-$F$32,1,0)),0) -> 0 | I44: =C44*H44 -> 0
A45: =A44 -> 2.625 | B45: =$D$28 -> 0.331 | C45: =IF(E45=0,0,$F$36*E45/$F$34+F45) -> 0 | D45: 15000 | E45: =IF('Input Data'!$H$43="No",SUMIFS($K$8:$K$26,$I$8:$I$26,B45),SUMIFS($U$8:$U$26,$S$8:$S$26,B45)) -> 0 | F45: =SUMIFS($X$8:$X$26,$S$8:$S$26,B45) -> 1.66 | G45: =IF(C45=0,0,(B45*$F$33+3+C45)*$F$36+($F$36-1)*$F$31+(2+'Input Data'!$E$18)*$F$30) -> 0 | H45: =IF(AND($E$61<=C45,C45<$E$59),IF(G45=0,0,IF(G45<'Input Data'!$F$4*IF('Input Data'!$J$43="Yes",2,1)-$F$32,1,0)),0) -> 0 | I45: =C45*H45 -> 0
A46: =A44 -> 2.625 | B46: =$E$28 -> 0.343 | C46: =IF(E46=0,0,$F$36*E46/$F$34+F46) -> 0 | D46: 25000 | E46: =IF('Input Data'!$H$43="No",SUMIFS($K$8:$K$26,$I$8:$I$26,B46),SUMIFS($U$8:$U$26,$S$8:$S$26,B46)) -> 0 | F46: =SUMIFS($X$8:$X$26,$S$8:$S$26,B46) -> 1.72 | G46: =IF(C46=0,0,(B46*$F$33+3+C46)*$F$36+($F$36-1)*$F$31+(2+'Input Data'!$E$18)*$F$30) -> 0 | H46: =IF(AND($E$61<=C46,C46<$E$59),IF(G46=0,0,IF(G46<'Input Data'!$F$4*IF('Input Data'!$J$43="Yes",2,1)-$F$32,1,0)),0) -> 0 | I46: =C46*H46 -> 0
A47: =A44 -> 2.625 | B47: =$F$28 -> 0.362 | C47: =IF(E47=0,0,$F$36*E47/$F$34+F47) -> 0 | D47: 50000 | E47: =IF('Input Data'!$H$43="No",SUMIFS($K$8:$K$26,$I$8:$I$26,B47),SUMIFS($U$8:$U$26,$S$8:$S$26,B47)) -> 0 | F47: =SUMIFS($X$8:$X$26,$S$8:$S$26,B47) -> 1.81 | G47: =IF(C47=0,0,(B47*$F$33+3+C47)*$F$36+($F$36-1)*$F$31+(2+'Input Data'!$E$18)*$F$30) -> 0 | H47: =IF(AND($E$61<=C47,C47<$E$59),IF(G47=0,0,IF(G47<'Input Data'!$F$4*IF('Input Data'!$J$43="Yes",2,1)-$F$32,1,0)),0) -> 0 | I47: =C47*H47 -> 0
A48: =A44 -> 2.625 | B48: =$G$28 -> 0.375 | C48: =IF(E48=0,0,$F$36*E48/$F$34+F48) -> 0 | D48: 100000 | E48: =IF('Input Data'!$H$43="No",SUMIFS($K$8:$K$26,$I$8:$I$26,B48),SUMIFS($U$8:$U$26,$S$8:$S$26,B48)) -> 0 | F48: =SUMIFS($X$8:$X$26,$S$8:$S$26,B48) -> 1.88 | G48: =IF(C48=0,0,(B48*$F$33+3+C48)*$F$36+($F$36-1)*$F$31+(2+'Input Data'!$E$18)*$F$30) -> 0 | H48: =IF(AND($E$61<=C48,C48<$E$59),IF(G48=0,0,IF(G48<'Input Data'!$F$4*IF('Input Data'!$J$43="Yes",2,1)-$F$32,1,0)),0) -> 0 | I48: =C48*H48 -> 0
A49: 3.75 | B49: =$C$28 -> 0.312 | C49: =IF(E49=0,0,$F$36*E49/$F$34+F49) -> 35.826939 | D49: 10000 | E49: =IF('Input Data'!$H$43="No",SUMIFS($L$8:$L$26,$I$8:$I$26,B49),SUMIFS($V$8:$V$26,$S$8:$S$26,B49)) -> 2161.9 | F49: =SUMIFS($Y$8:$Y$26,$S$8:$S$26,B49) -> 0.94 | G49: =IF(C49=0,0,(B49*$F$33+3+C49)*$F$36+($F$36-1)*$F$31+(2+'Input Data'!$E$18)*$F$30) -> 193.32136 | H49: =IF(AND($E$62<=C49,C49<$E$59),IF(G49=0,0,IF(G49<'Input Data'!$F$4*IF('Input Data'!$J$43="Yes",2,1)-$F$32,1,0)),0) -> 0 | I49: =C49*H49 -> 0
A50: =A49 -> 3.75 | B50: =$D$28 -> 0.331 | C50: =IF(E50=0,0,$F$36*E50/$F$34+F50) -> 47.289143 | D50: 15000 | E50: =IF('Input Data'!$H$43="No",SUMIFS($L$8:$L$26,$I$8:$I$26,B50),SUMIFS($V$8:$V$26,$S$8:$S$26,B50)) -> 2869.1 | F50: =SUMIFS($Y$8:$Y$26,$S$8:$S$26,B50) -> 0.99 | G50: =IF(C50=0,0,(B50*$F$33+3+C50)*$F$36+($F$36-1)*$F$31+(2+'Input Data'!$E$18)*$F$30) -> 239.98337 | H50: =IF(AND($E$62<=C50,C50<$E$59),IF(G50=0,0,IF(G50<'Input Data'!$F$4*IF('Input Data'!$J$43="Yes",2,1)-$F$32,1,0)),0) -> 0 | I50: =C50*H50 -> 0
A51: =A49 -> 3.75 | B51: =$E$28 -> 0.343 | C51: =IF(E51=0,0,$F$36*E51/$F$34+F51) -> 56.746793 | D51: 25000 | E51: =IF('Input Data'!$H$43="No",SUMIFS($L$8:$L$26,$I$8:$I$26,B51),SUMIFS($V$8:$V$26,$S$8:$S$26,B51)) -> 3452.7 | F51: =SUMIFS($Y$8:$Y$26,$S$8:$S$26,B51) -> 1.03 | G51: =IF(C51=0,0,(B51*$F$33+3+C51)*$F$36+($F$36-1)*$F$31+(2+'Input Data'!$E$18)*$F$30) -> 278.32757 | H51: =IF(AND($E$62<=C51,C51<$E$59),IF(G51=0,0,IF(G51<'Input Data'!$F$4*IF('Input Data'!$J$43="Yes",2,1)-$F$32,1,0)),0) -> 0 | I51: =C51*H51 -> 0
A52: =A49 -> 3.75 | B52: =$F$28 -> 0.362 | C52: =IF(E52=0,0,$F$36*E52/$F$34+F52) -> 73.473258 | D52: 50000 | E52: =IF('Input Data'!$H$43="No",SUMIFS($L$8:$L$26,$I$8:$I$26,B52),SUMIFS($V$8:$V$26,$S$8:$S$26,B52)) -> 4485.5 | F52: =SUMIFS($Y$8:$Y$26,$S$8:$S$26,B52) -> 1.09 | G52: =IF(C52=0,0,(B52*$F$33+3+C52)*$F$36+($F$36-1)*$F$31+(2+'Input Data'!$E$18)*$F$30) -> 346.04663 | H52: =IF(AND($E$62<=C52,C52<$E$59),IF(G52=0,0,IF(G52<'Input Data'!$F$4*IF('Input Data'!$J$43="Yes",2,1)-$F$32,1,0)),0) -> 0 | I52: =C52*H52 -> 0
A53: =A49 -> 3.75 | B53: =$G$28 -> 0.375 | C53: =IF(E53=0,0,$F$36*E53/$F$34+F53) -> 0 | D53: 100000 | E53: =IF('Input Data'!$H$43="No",SUMIFS($L$8:$L$26,$I$8:$I$26,B53),SUMIFS($V$8:$V$26,$S$8:$S$26,B53)) -> 0 | F53: =SUMIFS($Y$8:$Y$26,$S$8:$S$26,B53) -> 1.13 | G53: =IF(C53=0,0,(B53*$F$33+3+C53)*$F$36+($F$36-1)*$F$31+(2+'Input Data'!$E$18)*$F$30) -> 0 | H53: =IF(AND($E$62<=C53,C53<$E$59),IF(G53=0,0,IF(G53<'Input Data'!$F$4*IF('Input Data'!$J$43="Yes",2,1)-$F$32,1,0)),0) -> 0 | I53: =C53*H53 -> 0
A54: 6 | B54: =$C$28 -> 0.312 | C54: =IF(E54=0,0,$F$36*E54/$F$34+F54) -> 0 | D54: 10000 | E54: =IF('Input Data'!$H$43="No",SUMIFS($M$8:$M$26,$I$8:$I$26,B54),SUMIFS($W$8:$W$26,$S$8:$S$26,B54)) -> 0 | F54: =SUMIFS($Y$8:$Y$26,$S$8:$S$26,B54) -> 0.94 | G54: =IF(C54=0,0,(B54*$F$33+3+C54)*$F$36+($F$36-1)*$F$31+(2+'Input Data'!$E$18)*$F$30) -> 0 | H54: =IF(AND($E$63<=C54,C54<$E$59),IF(G54=0,0,IF(G54<'Input Data'!$F$4*IF('Input Data'!$J$43="Yes",2,1)-$F$32,1,0)),0) -> 0 | I54: =C54*H54 -> 0
A55: =A54 -> 6 | B55: =$D$28 -> 0.331 | C55: =IF(E55=0,0,$F$36*E55/$F$34+F55) -> 30.834075 | D55: 15000 | E55: =IF('Input Data'!$H$43="No",SUMIFS($M$8:$M$26,$I$8:$I$26,B55),SUMIFS($W$8:$W$26,$S$8:$S$26,B55)) -> 1849.4 | F55: =SUMIFS($Y$8:$Y$26,$S$8:$S$26,B55) -> 0.99 | G55: =IF(C55=0,0,(B55*$F$33+3+C55)*$F$36+($F$36-1)*$F$31+(2+'Input Data'!$E$18)*$F$30) -> 174.1631 | H55: =IF(AND($E$63<=C55,C55<$E$59),IF(G55=0,0,IF(G55<'Input Data'!$F$4*IF('Input Data'!$J$43="Yes",2,1)-$F$32,1,0)),0) -> 0 | I55: =C55*H55 -> 0
A56: =A54 -> 6 | B56: =$E$28 -> 0.343 | C56: =IF(E56=0,0,$F$36*E56/$F$34+F56) -> 36.985219 | D56: 25000 | E56: =IF('Input Data'!$H$43="No",SUMIFS($M$8:$M$26,$I$8:$I$26,B56),SUMIFS($W$8:$W$26,$S$8:$S$26,B56)) -> 2228.1 | F56: =SUMIFS($Y$8:$Y$26,$S$8:$S$26,B56) -> 1.03 | G56: =IF(C56=0,0,(B56*$F$33+3+C56)*$F$36+($F$36-1)*$F$31+(2+'Input Data'!$E$18)*$F$30) -> 199.28128 | H56: =IF(AND($E$63<=C56,C56<$E$59),IF(G56=0,0,IF(G56<'Input Data'!$F$4*IF('Input Data'!$J$43="Yes",2,1)-$F$32,1,0)),0) -> 0 | I56: =C56*H56 -> 0
A57: =A54 -> 6 | B57: =$F$28 -> 0.362 | C57: =IF(E57=0,0,$F$36*E57/$F$34+F57) -> 47.876485 | D57: 50000 | E57: =IF('Input Data'!$H$43="No",SUMIFS($M$8:$M$26,$I$8:$I$26,B57),SUMIFS($W$8:$W$26,$S$8:$S$26,B57)) -> 2899.3 | F57: =SUMIFS($Y$8:$Y$26,$S$8:$S$26,B57) -> 1.09 | G57: =IF(C57=0,0,(B57*$F$33+3+C57)*$F$36+($F$36-1)*$F$31+(2+'Input Data'!$E$18)*$F$30) -> 243.65954 | H57: =IF(AND($E$63<=C57,C57<$E$59),IF(G57=0,0,IF(G57<'Input Data'!$F$4*IF('Input Data'!$J$43="Yes",2,1)-$F$32,1,0)),0) -> 0 | I57: =C57*H57 -> 0
A58: =A54 -> 6 | B58: =$G$28 -> 0.375 | C58: =IF(E58=0,0,$F$36*E58/$F$34+F58) -> 56.449818 | D58: 100000 | E58: =IF('Input Data'!$H$43="No",SUMIFS($M$8:$M$26,$I$8:$I$26,B58),SUMIFS($W$8:$W$26,$S$8:$S$26,B58)) -> 3428.1 | F58: =SUMIFS($Y$8:$Y$26,$S$8:$S$26,B58) -> 1.13 | G58: =IF(C58=0,0,(B58*$F$33+3+C58)*$F$36+($F$36-1)*$F$31+(2+'Input Data'!$E$18)*$F$30) -> 278.50927 | H58: =IF(AND($E$63<=C58,C58<$E$59),IF(G58=0,0,IF(G58<'Input Data'!$F$4*IF('Input Data'!$J$43="Yes",2,1)-$F$32,1,0)),0) -> 0 | I58: =C58*H58 -> 0
A59: Conditions: | B59: (1) Spring length < | E59: 61
B60: (2) 2" Spring length > | E60: 20
B61: (3) 2.625" Spring length > | E61: 25
B62: (4) 3.75" Spring length > | E62: 25
B63: (5) 6" Spring length > | E63: 29
B64: (6) Door Width -Spring Assembly < | F64: =F32 -> 6
A67: Duplex Spring ( 6" Outer & 3.75 Inner)
A68: Conditions: | B68: (1) Outer spring carry 2/3 of MIP, Inner srping the 1/2 MIP
B69: (2) Outer spring have smaller life cycle the inner spring to be able to visually see if the spring break
B72: Outer/Inner factor
B73: 0.69 | E73: IPPT for Outer Spring (6") | F73: =$F$34*B73 -> 171.03375
B74: =1-B73 -> 0.31 | E74: MIP for Outer Spring (3.75") | F74: =$F$34*B74 -> 76.84125
B75: =+B73 -> 0.69 | E75: MIP for Outer Spring (6") | F75: =F35*B75 -> 457.51528
B76: =1-B75 -> 0.31 | E76: MIP for Outer Spring (3.75") | F76: =F35*B76 -> 205.55034
B80: Maximum Inch Pound (MIP) Spring Capacity Table | I80: Divider and Dead Coil Factor Table | S80: Divider and Dead Coil Factor Table
I81: Oil Spring | S81: Galvanized Spring
C82: Cycles | J82: Coil Diameter | N82: Dead Coil Factor (1) | T82: Coil Diameter | X82: Dead Coil Factor (1)
B83: Wire Diam | C83: 10000 | D83: 15000 | E83: 25000 | F83: 50000 | G83: 100000 | I83: Wire Diam | J83: 2 | K83: 2.625 | L83: 3.75 | M83: 6 | N83: Factor 1 | O83: Factor 2 | S83: Wire Diam | T83: 2 | U83: 2.625 | V83: 3.75 | W83: 6 | X83: Factor 1 | Y83: Factor 2
A84: 1 | B84: 0.218 | C84: 247 | D84: 229 | E84: 206 | F84: 177 | G84: 153 | I84: 0.218 | J84: 664.5 | N84: 1.09 | O84: 0.66 | S84: 0.218 | T84: 664.5 | X84: 1.09 | Y84: 0.66
A85: 2 | B85: 0.225 | C85: 268 | D85: 249 | E85: 224 | F85: 193 | G85: 166 | I85: 0.225 | J85: 768.8 | N85: 1.13 | O85: 0.68 | S85: 0.225 | T85: 768.8 | X85: 1.13 | Y85: 0.68
A86: 3 | B86: 0.234 | C86: 298 | D86: 276 | E86: 249 | F86: 214 | G86: 184 | I86: 0.234 | J86: 933.3 | N86: 1.17 | O86: 0.7 | S86: 0.234 | T86: 933.3 | X86: 1.17 | Y86: 0.7
A87: 4 | B87: 0.243 | C87: 337 | D87: 309 | E87: 279 | F87: 240 | G87: 206 | I87: 0.243 | J87: 1129 | N87: 1.22 | O87: 0.73 | S87: 0.243 | T87: 1129 | X87: 1.22 | Y87: 0.73
A88: 5 | B88: 0.25 | C88: 358 | D88: 332 | E88: 300 | F88: 257 | G88: 222 | I88: 0.25 | J88: 1279.1 | K88: 1001 | L88: 719.5 | N88: 1.25 | O88: 0.75 | S88: 0.25 | T88: 1279.1 | U88: 1001 | V88: 0 | X88: 1.25 | Y88: 0.75
A89: 6 | B89: 0.262 | C89: 411 | D89: 381 | E89: 343 | F89: 295 | G89: 254 | I89: 0.262 | J89: 1623.4 | K89: 1272 | L89: 915.4 | N89: 1.31 | O89: 0.79 | S89: 0.262 | T89: 1623.4 | U89: 1272 | V89: 915.4 | X89: 1.31 | Y89: 0.79
A90: 7 | B90: 0.273 | C90: 458 | D90: 425 | E90: 383 | F90: 329 | G90: 283 | I90: 0.273 | J90: 1966 | K90: 1542 | L90: 1110.8 | N90: 1.37 | O90: 0.82 | S90: 0.273 | T90: 1966 | U90: 1542 | V90: 1110.8 | X90: 1.37 | Y90: 0.82
A91: 8 | B91: 0.283 | C91: 506 | D91: 470 | E91: 424 | F91: 364 | G91: 313 | I91: 0.283 | J91: 2343.1 | K91: 1839.5 | L91: 1326.4 | N91: 1.42 | O91: 0.85 | S91: 0.283 | T91: 2343.1 | U91: 1839.5 | V91: 1326.4 | X91: 1.42 | Y91: 0.85
A92: 9 | B92: 0.295 | C92: 569 | D92: 527 | E92: 476 | F92: 408 | G92: 352 | I92: 0.295 | K92: 2254.8 | L92: 1627.7 | N92: 1.48 | O92: 0.89 | S92: 0.295 | U92: 2254.8 | V92: 1627.7 | X92: 1.48 | Y92: 0.89
A93: 10 | B93: 0.306 | C93: 633 | D93: 587 | E93: 529 | F93: 454 | G93: 391 | I93: 0.306 | L93: 1965.1 | N93: 1.52 | O93: 0.92 | S93: 0.306 | U93: 0 | V93: 1965.1 | X93: 1.52 | Y93: 0.92
A94: 11 | B94: 0.312 | C94: 668 | D94: 619 | E94: 559 | F94: 480 | G94: 413 | I94: 0.312 | K94: 2989.8 | L94: 2161.9 | M94: =1391.3*0 -> 0 | N94: 1.56 | O94: 0.94 | S94: 0.312 | U94: 2989.8 | V94: 2161.9 | W94: 0 | X94: 1.56 | Y94: 0.94
A95: 12 | B95: 0.319 | C95: 710 | D95: 659 | E95: 594 | F95: 510 | G95: 439 | I95: 0.319 | L95: 2410.9 | M95: 1552.5 | N95: 1.6 | O95: 0.96 | S95: 0.319 | V95: 2410.9 | W95: 0 | X95: 1.6 | Y95: 0.96
A96: 13 | B96: 0.331 | C96: 784 | D96: 727 | E96: 656 | F96: 563 | G96: 485 | I96: 0.331 | L96: 2869.1 | M96: 1849.4 | N96: 1.66 | O96: 0.99 | S96: 0.331 | V96: 0 | W96: 0 | X96: 1.66 | Y96: 0.99
A97: 14 | B97: 0.343 | C97: 871 | D97: 808 | E97: 729 | F97: 626 | G97: 538 | I97: 0.343 | L97: 3452.7 | M97: 2228.1 | N97: 1.72 | O97: 1.03 | S97: 0.343 | V97: 0 | W97: 2228.1 | X97: 1.72 | Y97: 1.03
A98: 15 | B98: 0.362 | C98: 1011 | D98: 937 | E98: 845 | F98: 726 | G98: 625 | I98: 0.362 | L98: 4485.5 | M98: 2899.3 | N98: 1.81 | O98: 1.09 | S98: 0.362 | V98: 0 | W98: 2899.3 | X98: 1.81 | Y98: 1.09
A99: 16 | B99: 0.375 | C99: 1111 | D99: 1030 | E99: 929 | F99: 798 | G99: 687 | I99: 0.375 | M99: 3428.1 | N99: 1.88 | O99: 1.13 | S99: 0.375 | W99: 3428.1 | X99: 1.88 | Y99: 1.13
A100: 17 | B100: 0.393 | C100: 1273 | D100: 1181 | E100: 1065 | F100: 914 | G100: 787 | I100: 0.393 | M100: 4365.1 | N100: 1.97 | O100: 1.18 | S100: 0.393 | W100: 0 | X100: 1.97 | Y100: 1.18
A101: 18 | B101: 0.406 | C101: 1388 | D101: 1287 | E101: 1161 | F101: 997 | G101: 858 | I101: 0.406 | M101: 5087.1 | N101: 2.03 | O101: 1.22 | S101: 0.406 | W101: 0 | X101: 2.03 | Y101: 1.22
A102: 19 | B102: 0.437 | C102: 1708 | D102: 1584 | E102: 1428 | F102: 1227 | G102: 1056 | I102: 0.437 | M102: 7337.1 | N102: 2.19 | O102: 1.31 | S102: 0.437 | W102: 0 | X102: 2.19 | Y102: 1.31
A104: 6" Spring | B104: Wire | C104: =IF(C84>=$F$75,$B$8,IF(C85>=$F$75,$B$9,IF(C86>=$F$75,$B$10,IF(C87>=$F$75,$B$11,IF(C88>=$F$75,$B$12,IF(C89>=$F$75,$B$13,IF(C90>=$F$75,$B$14,IF(C91>=$F$75,$B$15,IF(C92>=$F$75,$B$16,IF(C93>=$F$75,$B$17,IF(C94>=$F$75,$B$18,(IF(C95>=$F$75,$B$19,IF(C96>=$F$75,$B$20,IF(C97>=$F$75,$B$21,IF(C98>=$F$75,$B$22,IF(C99>=$F$75,$B$23,IF(C100>=$F$75,$B$24,IF(C101>=$F$75,$B$25,IF(C102>=$F$75,$B$26,0)))))))))))))))))))) -> 0.273 | D104: =IF(D84>=$F$75,$B$8,IF(D85>=$F$75,$B$9,IF(D86>=$F$75,$B$10,IF(D87>=$F$75,$B$11,IF(D88>=$F$75,$B$12,IF(D89>=$F$75,$B$13,IF(D90>=$F$75,$B$14,IF(D91>=$F$75,$B$15,IF(D92>=$F$75,$B$16,IF(D93>=$F$75,$B$17,IF(D94>=$F$75,$B$18,(IF(D95>=$F$75,$B$19,IF(D96>=$F$75,$B$20,IF(D97>=$F$75,$B$21,IF(D98>=$F$75,$B$22,IF(D99>=$F$75,$B$23,IF(D100>=$F$75,$B$24,IF(D101>=$F$75,$B$25,IF(D102>=$F$75,$B$26,0)))))))))))))))))))) -> 0.283 | E104: =IF(E84>=$F$75,$B$8,IF(E85>=$F$75,$B$9,IF(E86>=$F$75,$B$10,IF(E87>=$F$75,$B$11,IF(E88>=$F$75,$B$12,IF(E89>=$F$75,$B$13,IF(E90>=$F$75,$B$14,IF(E91>=$F$75,$B$15,IF(E92>=$F$75,$B$16,IF(E93>=$F$75,$B$17,IF(E94>=$F$75,$B$18,(IF(E95>=$F$75,$B$19,IF(E96>=$F$75,$B$20,IF(E97>=$F$75,$B$21,IF(E98>=$F$75,$B$22,IF(E99>=$F$75,$B$23,IF(E100>=$F$75,$B$24,IF(E101>=$F$75,$B$25,IF(E102>=$F$75,$B$26,0)))))))))))))))))))) -> 0.295 | F104: =IF(F84>=$F$75,$B$8,IF(F85>=$F$75,$B$9,IF(F86>=$F$75,$B$10,IF(F87>=$F$75,$B$11,IF(F88>=$F$75,$B$12,IF(F89>=$F$75,$B$13,IF(F90>=$F$75,$B$14,IF(F91>=$F$75,$B$15,IF(F92>=$F$75,$B$16,IF(F93>=$F$75,$B$17,IF(F94>=$F$75,$B$18,(IF(F95>=$F$75,$B$19,IF(F96>=$F$75,$B$20,IF(F97>=$F$75,$B$21,IF(F98>=$F$75,$B$22,IF(F99>=$F$75,$B$23,IF(F100>=$F$75,$B$24,IF(F101>=$F$75,$B$25,IF(F102>=$F$75,$B$26,0)))))))))))))))))))) -> 0.312 | G104: =IF(G84>=$F$75,$B$8,IF(G85>=$F$75,$B$9,IF(G86>=$F$75,$B$10,IF(G87>=$F$75,$B$11,IF(G88>=$F$75,$B$12,IF(G89>=$F$75,$B$13,IF(G90>=$F$75,$B$14,IF(G91>=$F$75,$B$15,IF(G92>=$F$75,$B$16,IF(G93>=$F$75,$B$17,IF(G94>=$F$75,$B$18,(IF(G95>=$F$75,$B$19,IF(G96>=$F$75,$B$20,IF(G97>=$F$75,$B$21,IF(G98>=$F$75,$B$22,IF(G99>=$F$75,$B$23,IF(G100>=$F$75,$B$24,IF(G101>=$F$75,$B$25,IF(G102>=$F$75,$B$26,0)))))))))))))))))))) -> 0.331 | I104: Note 1: | J104: If coil Diameter is smaller than 3.5 choose Factor 1, otherwise choose Factor 2. | S104: Note 1: | T104: If coil Diameter is smaller than 3.5 choose Factor 1, otherwise choose Factor 2.
A105: 3.75 Spring | B105: Wire | C105: =IF(C84>=$F$76,$B$8,IF(C85>=$F$76,$B$9,IF(C86>=$F$76,$B$10,IF(C87>=$F$76,$B$11,IF(C88>=$F$76,$B$12,IF(C89>=$F$76,$B$13,IF(C90>=$F$76,$B$14,IF(C91>=$F$76,$B$15,IF(C92>=$F$76,$B$16,IF(C93>=$F$76,$B$17,IF(C94>=$F$76,$B$18,(IF(C95>=$F$76,$B$19,IF(C96>=$F$76,$B$20,IF(C97>=$F$76,$B$21,IF(C98>=$F$76,$B$22,IF(C99>=$F$76,$B$23,IF(C100>=$F$76,$B$24,IF(C101>=$F$76,$B$25,IF(C102>=$F$76,$B$26,0)))))))))))))))))))) -> 0.218 | D105: =IF(D84>=$F$76,$B$8,IF(D85>=$F$76,$B$9,IF(D86>=$F$76,$B$10,IF(D87>=$F$76,$B$11,IF(D88>=$F$76,$B$12,IF(D89>=$F$76,$B$13,IF(D90>=$F$76,$B$14,IF(D91>=$F$76,$B$15,IF(D92>=$F$76,$B$16,IF(D93>=$F$76,$B$17,IF(D94>=$F$76,$B$18,(IF(D95>=$F$76,$B$19,IF(D96>=$F$76,$B$20,IF(D97>=$F$76,$B$21,IF(D98>=$F$76,$B$22,IF(D99>=$F$76,$B$23,IF(D100>=$F$76,$B$24,IF(D101>=$F$76,$B$25,IF(D102>=$F$76,$B$26,0)))))))))))))))))))) -> 0.218 | E105: =IF(E84>=$F$76,$B$8,IF(E85>=$F$76,$B$9,IF(E86>=$F$76,$B$10,IF(E87>=$F$76,$B$11,IF(E88>=$F$76,$B$12,IF(E89>=$F$76,$B$13,IF(E90>=$F$76,$B$14,IF(E91>=$F$76,$B$15,IF(E92>=$F$76,$B$16,IF(E93>=$F$76,$B$17,IF(E94>=$F$76,$B$18,(IF(E95>=$F$76,$B$19,IF(E96>=$F$76,$B$20,IF(E97>=$F$76,$B$21,IF(E98>=$F$76,$B$22,IF(E99>=$F$76,$B$23,IF(E100>=$F$76,$B$24,IF(E101>=$F$76,$B$25,IF(E102>=$F$76,$B$26,0)))))))))))))))))))) -> 0.218 | F105: =IF(F84>=$F$76,$B$8,IF(F85>=$F$76,$B$9,IF(F86>=$F$76,$B$10,IF(F87>=$F$76,$B$11,IF(F88>=$F$76,$B$12,IF(F89>=$F$76,$B$13,IF(F90>=$F$76,$B$14,IF(F91>=$F$76,$B$15,IF(F92>=$F$76,$B$16,IF(F93>=$F$76,$B$17,IF(F94>=$F$76,$B$18,(IF(F95>=$F$76,$B$19,IF(F96>=$F$76,$B$20,IF(F97>=$F$76,$B$21,IF(F98>=$F$76,$B$22,IF(F99>=$F$76,$B$23,IF(F100>=$F$76,$B$24,IF(F101>=$F$76,$B$25,IF(F102>=$F$76,$B$26,0)))))))))))))))))))) -> 0.234 | G105: =IF(G84>=$F$76,$B$8,IF(G85>=$F$76,$B$9,IF(G86>=$F$76,$B$10,IF(G87>=$F$76,$B$11,IF(G88>=$F$76,$B$12,IF(G89>=$F$76,$B$13,IF(G90>=$F$76,$B$14,IF(G91>=$F$76,$B$15,IF(G92>=$F$76,$B$16,IF(G93>=$F$76,$B$17,IF(G94>=$F$76,$B$18,(IF(G95>=$F$76,$B$19,IF(G96>=$F$76,$B$20,IF(G97>=$F$76,$B$21,IF(G98>=$F$76,$B$22,IF(G99>=$F$76,$B$23,IF(G100>=$F$76,$B$24,IF(G101>=$F$76,$B$25,IF(G102>=$F$76,$B$26,0)))))))))))))))))))) -> 0.243
A108: Coil Diam | B108: Wire | C108: Total Spring Length | D108: Cycles | E108: Divider | F108: Dead Coil Factor 2 | G108: Spring Assembly Length | H108: Spring Length Conditions | I108: Spring Lengh Filtered
A109: 3.75 | B109: =$C$105 -> 0.218 | C109: =IF(E109=0,0,$F$36*E109/$F$74+F109) -> 0 | D109: 10000 | E109: =IF('Input Data'!$H$43="No",SUMIFS($L$8:$L$26,$I$8:$I$26,B109),SUMIFS($V$8:$V$26,$S$8:$S$26,B109)) -> 0 | F109: =SUMIFS($Y$8:$Y$26,$S$8:$S$26,B109) -> 0.66 | G109: =IF(C109=0,0,(B109*$F$33+3+C109)*$F$36+($F$36-1)*$F$31+(2+'Input Data'!$E$18)*$F$30) -> 0 | H109: =IF(AND($E$62<=C109,C109<$E$59),IF(G109=0,0,IF(G109<'Input Data'!$F$4*IF('Input Data'!$J$43="Yes",2,1)-$F$32,1,0)),0) -> 0 | I109: =C109*H109 -> 0
A110: =A109 -> 3.75 | B110: =$D$105 -> 0.218 | C110: =IF(E110=0,0,$F$36*E110/$F$74+F110) -> 0 | D110: 15000 | E110: =IF('Input Data'!$H$43="No",SUMIFS($L$8:$L$26,$I$8:$I$26,B110),SUMIFS($V$8:$V$26,$S$8:$S$26,B110)) -> 0 | F110: =SUMIFS($Y$8:$Y$26,$S$8:$S$26,B110) -> 0.66 | G110: =IF(C110=0,0,(B110*$F$33+3+C110)*$F$36+($F$36-1)*$F$31+(2+'Input Data'!$E$18)*$F$30) -> 0 | H110: =IF(AND($E$62<=C110,C110<$E$59),IF(G110=0,0,IF(G110<'Input Data'!$F$4*IF('Input Data'!$J$43="Yes",2,1)-$F$32,1,0)),0) -> 0 | I110: =C110*H110 -> 0
A111: =A109 -> 3.75 | B111: =$E$105 -> 0.218 | C111: =IF(E111=0,0,$F$36*E111/$F$74+F111) -> 0 | D111: 25000 | E111: =IF('Input Data'!$H$43="No",SUMIFS($L$8:$L$26,$I$8:$I$26,B111),SUMIFS($V$8:$V$26,$S$8:$S$26,B111)) -> 0 | F111: =SUMIFS($Y$8:$Y$26,$S$8:$S$26,B111) -> 0.66 | G111: =IF(C111=0,0,(B111*$F$33+3+C111)*$F$36+($F$36-1)*$F$31+(2+'Input Data'!$E$18)*$F$30) -> 0 | H111: =IF(AND($E$62<=C111,C111<$E$59),IF(G111=0,0,IF(G111<'Input Data'!$F$4*IF('Input Data'!$J$43="Yes",2,1)-$F$32,1,0)),0) -> 0 | I111: =C111*H111 -> 0
A112: =A109 -> 3.75 | B112: =$F$105 -> 0.234 | C112: =IF(E112=0,0,$F$36*E112/$F$74+F112) -> 0 | D112: 50000 | E112: =IF('Input Data'!$H$43="No",SUMIFS($L$8:$L$26,$I$8:$I$26,B112),SUMIFS($V$8:$V$26,$S$8:$S$26,B112)) -> 0 | F112: =SUMIFS($Y$8:$Y$26,$S$8:$S$26,B112) -> 0.7 | G112: =IF(C112=0,0,(B112*$F$33+3+C112)*$F$36+($F$36-1)*$F$31+(2+'Input Data'!$E$18)*$F$30) -> 0 | H112: =IF(AND($E$62<=C112,C112<$E$59),IF(G112=0,0,IF(G112<'Input Data'!$F$4*IF('Input Data'!$J$43="Yes",2,1)-$F$32,1,0)),0) -> 0 | I112: =C112*H112 -> 0
...

Sheet Spring Ass.Length 2
D2: Standard Lift
D3: Drum Size | E3: Max Door Height | F3: Width | G3: Max Weight per Drum | H3: Offset
A4: Wire | B4: 0.343 | D4: D400-96 | E4: 96 | F4: 1.64 | G4: 265 | H4: 3-3/8"
A5: Spring Length | B5: 43 | D5: D400-144 | E5: 144 | F5: 2.63 | G5: 375 | H5: 3-3/8"
A6: Turns | B6: 15.3 | D6: D525-216 | E6: 216 | F6: 3.62 | G6: 750 | H6: 4-3/8"
A7: # of Springs | B7: 2 | D7: D800-384 | E7: 384 | F7: 5.26 | G7: 1100 | H7: 5" *
A8: Space Between Springs | B8: 6
A9: Drum Width | B9: 3.71 | C9: If Center Pickup is added, include the additional drum width in spring assembly length calculation
A10: Door width | B10: 121 | D10: High Lift
D11: Drum Size | E11: Max High-Lift | F11: Width | G11: Max Weight per Drum | H11: Cable Capacity of Flat | I11: Max Door Height | J11: Offset
A12: Assembly Length | B12: =(B4*B6+3+B5)*B7+(B7-1)*B8+2*B9 -> 115.9158 | D12: D400-54 | E12: 54 | F12: 3.03 | G12: 275 | H12: 121 | I12: 174 | J12: 4-3/8"
D13: D525-54 | E13: 54 | F13: 3.66 | G13: 500 | H13: 179 | I13: 234 | J13: 4-3/8"
A14: Length available | B14: =B10-6 -> 115 | C14: =IF(B12<B14,"Ok","Try again") -> Try again | D14: D575-120 | E14: 118 | F14: 3.71 | G14: 500 | H14: 145 | I14: 260 | J14: 5"
A15: Espace free per spring = | B15: =(B10-B12)/B7 -> 2.5421 | C15: =IF(B15<3,"Less than 3''","") -> Less than 3'' | D15: D6375-164 | E15: 164 | F15: 6.09 | G15: 800 | H15: 229 | I15: 393 | J15: 6" *
A16: Extended spring - 2 Rounds = | B16: =B5+B4*(B6-2) -> 47.5619 | D16: D800-120 | E16: 119 | F16: 5.22 | G16: 1100 | H16: 266 | I16: 384 | J16: 6" *
H17: Hi-Lift = | I17: 36
H18: Door Height = | I18: 312
H19: Cable Capacity of Flat | I19: 266
H20: Door Height - High Lift < Capacity of Flat Portion = ? | I20: =IF((I18-I17)<I19,"Yes (Ok)","No") -> No
D22: Vertical Lift
D23: Drum Size | E23: Max Door Height | F23: Width | G23: Max Weight per Drum | H23: Offset
A24: Spring full length | B24: 144 | D24: D850-132 | E24: 132 | F24: 3.33 | G24: 425 | H24: 5"
A25: Spring cut length | B25: 51 | D25: D1100-216 | E25: 216 | F25: 4.29 | G25: 660 | H25: 6"
A26: Qty cuts per full length | B26: =ROUNDDOWN(B24/B25,0) -> 2 | D26: D1350-336 | E26: 336 | F26: 6.75 | G26: 1100 | H26: 7" *
A27: Spring length remaining | B27: =B24-B26*B25 -> 42 | D27: * Tracks Require Angle offset for large Drums
A28: Total springs required | B28: 11
A29: Total full length required | B29: =ROUNDUP(B28/B26,0) -> 6
F34: =B9/1.5 -> 2.4733333 | G34: drum | I34: =F34 -> 2.4733333
F35: =F67 -> 11.927656 | G35: free | I35: =F35+1.25/2+1 -> 13.552656
F36: =B5 -> 43 | G36: spring | I36: =F36 -> 43
F37: 3 | G37: cone | I37: =F37 -> 3
F38: =B4*B6 -> 5.2479 | G38: extension | I38: =F38 -> 5.2479
F39: =F35 -> 11.927656 | G39: free | I39: =F39+1.25/2+1 -> 13.552656
F40: =F36 -> 43 | G40: spring | I40: =F40 -> 43
F41: =F37 -> 3 | G41: cone | I41: =F41 -> 3
F42: =F38 -> 5.2479 | G42: extension | I42: =F42 -> 5.2479
F43: 3 | G43: half coupler | I43: =F43 -> 3 | J43: =SUM(I34:I43) -> 135.07444 | K43: =136-J43 -> 0.92555556
F44: 3 | G44: half coupler | I44: =F44 -> 3
F45: =F40 -> 43 | G45: spring | I45: =F45 -> 43
F46: =F41 -> 3 | G46: cone | I46: =F46 -> 3
F47: =F42 -> 5.2479 | G47: extension | I47: =F47 -> 5.2479
F48: =F39 -> 11.927656 | G48: free | I48: =F48-8.49/2+1 -> 8.6826556
F49: 12 | G49: drum | I49: =F49 -> 12
F50: =F39 -> 11.927656 | G50: free | I50: =F50-8.49/2+1 -> 8.6826556
F51: =F45 -> 43 | G51: spring | I51: =F51 -> 43
F52: =F46 -> 3 | G52: cone | I52: =F52 -> 3
F53: =F47 -> 5.2479 | G53: extension | I53: =F53 -> 5.2479
F54: 3 | G54: half coupler | I54: =F54 -> 3 | J54: =SUM(I44:I54) -> 137.86111 | K54: =J54-J43 -> 2.7866667
F55: 3 | G55: half coupler | I55: =F55 -> 3
F56: =F36 -> 43 | G56: spring | I56: =F56 -> 43
F57: 3 | G57: cone | I57: =F57 -> 3
F58: =F38 -> 5.2479 | G58: extension | I58: =F58 -> 5.2479
F59: =F35 -> 11.927656 | G59: free | I59: =F59+1.25/2+1 -> 13.552656
F60: =F36 -> 43 | G60: spring | I60: =F60 -> 43
F61: 3 | G61: cone | I61: =F61 -> 3
F62: =F38 -> 5.2479 | G62: extension | I62: =F62 -> 5.2479
F63: =F35 -> 11.927656 | G63: free | I63: =F63+1.25/2+1 -> 13.552656
F64: =F34 -> 2.4733333 | G64: drum | I64: =F64 -> 2.4733333 | J64: =SUM(I55:I64) -> 135.07444
F65: =F34+F36+F37+F38+F40+F41+F42+F43+F44+F45+F46+F47+F49+F51+F52+F53+F54+F55+F56+F57+F58+F60+F61+F62+F64 -> 336.43407 | G65: Total | I65: =SUM(I34:I64) -> 408.01 | J65: =SUM(J43:J64) -> 408.01
F66: 408 | G66: opening
F67: =(F66-F65)/6 -> 11.927656 | G67: free

Sheet Input Data
A1: Legend: | B1: Rev B, Modified | M1: Single Duty | N1: Heavy Duty | O1: Grams
A2: Input | C2: TX Door Model | D2: TX450 | L2: =IF(M2=0,"","#1/2 Hinge") | M2: =IF($D$2="TX380",((ROUND(H5+I5,0)-1)*(J5-1)),0)+IF(D37=0,0,(D37-1)*(J5-1)) -> 0 | O2: =M2*121 -> 0
A3: Formula | D3: Ft | E3: In | F3: Total In | H3: Qty of Sections | J3: Qty of | L3: =IF(M3=0,"","#3/4 Hinge") | M3: =IF(D37=0,0,IF(E38=0,0,1)*(J5-1)) -> 0 | O3: =M3*158 -> 0 | R3: Low Threshold | S3: 8 | T3: lbs (111'-8")
A4: Table | B4: linear | C4: Door Width | D4: 8 | E4: 0 | F4: =D4*12+E4 -> 96 | G4: =F4/2 -> 48 | H4: 21 | I4: 24 | J4: Panels | K4: Panels+/- | L4: =IF(M4+N4=0,"","#1 Hinge") -> #1 Hinge | M4: =IF(D2="TX380",2*E19*(1-E22)*IF(D13=2,1,0),((ROUND(H5+I5,0)-1)*(J5-1)+2*IF(D13=2,1,0)*E19)*(1-E22))+E23*12*(1-E22)-IF(AND(D37<>0,E22=0),M2,0)-IF(AND(D37<>0,E22=0),M3,0) -> 0 | N4: =IF(D2="TX380",2*E19*E22*IF(D13=2,1,0),((ROUND(H5+I5,0)-1)*(J5-1)+2*IF(D13=2,1,0))*E22)+12*E23*E22-IF(E22=1,IF(D2="TX380",0,M2+M3),0) -> 4 | O4: =185*M4+278*N4 -> 1112
A5: Formula | C5: Door Height | D5: 10 | E5: 0 | F5: =D5*12+E5 -> 120 | H5: =VLOOKUP(F5,'Data Tables'!A22:E129,4,FALSE) -> 0 | I5: =VLOOKUP(F5,'Data Tables'!A22:E129,5,FALSE) -> 5 | J5: ='Data Tables'!R51+K5 -> 2 | K5: 0 | L5: =IF(M5+N5=0,"","#2 Hinge") | M5: =2*IF(D13=2,1,0)*E19*(1-E22) -> 0 | N5: =2*IF(D13=2,1,0)*E19*E22 -> 0 | O5: =223*M5+323*N5 -> 0
E6: =IF(H6="","","Cut Top Section of 21'' to") | H6: =IF(VLOOKUP(F5,'Data Tables'!A22:H129,8,FALSE)=0,"",21-VLOOKUP(F5,'Data Tables'!A22:H129,8,FALSE)) | I6: =IF(H6="","","Height") | J6: ℄ Shaft: | K6: =CONCATENATE('Track B.O.M.'!X6,"' - ",'Track B.O.M.'!Y6,"''") -> 21' - 0'' | L6: =IF(M6+N6=0,"","#3 Hinge") -> #3 Hinge | M6: =IF(ROUND($H$5+$I$5,0)-IF($D$13=2,2,0)>=2,2*$E$19,0)*(1-$E$22) -> 0 | N6: =IF(ROUND($H$5+$I$5,0)-IF($D$13=2,2,0)>=2,2*$E$19,0)*$E$22 -> 2 | O6: =228*M6+324*N6 -> 648
C7: Lift Type | D7: Vertical Lift | G7: Total | H7: =IF(I7="",0,VLOOKUP(F5,'Data Tables'!A22:I129,9,FALSE)) -> 0 | I7: Sections of 21'' | L7: =IF(M7+N7=0,"","#4 Hinge") -> #4 Hinge | M7: =IF(ROUND($H$5+$I$5,0)-IF($D$13=2,2,0)>=3,2*$E$19,0)*(1-$E$22) -> 0 | N7: =IF(ROUND($H$5+$I$5,0)-IF($D$13=2,2,0)>=3,2*$E$19,0)*$E$22 -> 2 | O7: =232*M7+339*N7 -> 678
C8: =IF(D7="High Lift","High Lift","") | D8: 45 | E8: U.S.T.: | F8: =IF('Track B.O.M.'!H8="N/A","N/A",CONCATENATE('Track B.O.M.'!H8,"' - ", CEILING('Track B.O.M.'!I8,0.5),"''")) -> N/A | J8: Modified CL Shaft Elev (INCH) | K8: 0 | L8: =IF(M8+N8=0,"","#5 Hinge") -> #5 Hinge | M8: =IF(ROUND($H$5+$I$5,0)-IF($D$13=2,2,0)>=4,2*$E$19,0)*(1-$E$22) -> 0 | N8: =IF(ROUND($H$5+$I$5,0)-IF($D$13=2,2,0)>=4,2*$E$19,0)*$E$22 -> 2 | O8: =238*M8+348*N8 -> 696 | S8: Horizontal Scaling | X8: Vertical Scaling
C9: Drum Model | D9: ='Sub Routine Drums'!S17 -> D850-132 | G9: Cable Diam. & Length | H9: ='Sub Routine Drums'!S18 -> 0.15625 | I9: =IF(E18=0,"x 2 Pcs x","x 3 Pcs x") -> x 2 Pcs x | J9: ='Track B.O.M.'!P11 -> 264 | K9: SS No | L9: =IF(M9+N9=0,"","#6 Hinge") -> #6 Hinge | M9: =IF(ROUND($H$5+$I$5,0)-IF($D$13=2,2,0)>=5,2*$E$19,0)*(1-$E$22) -> 0 | N9: =IF(ROUND($H$5+$I$5,0)-IF($D$13=2,2,0)>=5,2*$E$19,0)*$E$22 -> 2 | O9: =373*M9+373*N9 -> 746 | S9: Door Width | T9: =$F$4 -> 96 | U9: 2.5 | X9: Door Height | Y9: =$F$5 -> 120 | Z9: 2
C10: Offset | D10: ='Sub Routine Drums'!S19 -> 5" | L10: =IF(M10+N10=0,"","#7 Hinge") | M10: =IF(ROUND($H$5+$I$5,0)-IF($D$13=2,2,0)>=6,2*$E$19,0)*(1-$E$22) -> 0 | N10: =IF(ROUND($H$5+$I$5,0)-IF($D$13=2,2,0)>=6,2*$E$19,0)*$E$22 -> 0 | O10: =390*M10+390*N10 -> 0 | S10: End Cap Single | T10: =IF(E19=1,3.5,0) -> 3.5 | U10: =TRUNC(T10*$U$9/$T$9,4) -> 0.0911 | X10: 21" Section High | Y10: 21 | Z10: =IF(H5=0,0,Y10*$Z$9/$Y$9) -> 0
C11: Type of Glaze | D11: U100 | H11: =ROUND((K28+K29+J39)/D12,2) -> 0 | I11: Lbs/ea | L11: =IF(M11+N11=0,"","#8 Hinge") | M11: =IF(ROUND($H$5+$I$5,0)-IF($D$13=2,2,0)>=7,2*$E$19,0)*(1-$E$22) -> 0 | N11: =IF(ROUND($H$5+$I$5,0)-IF($D$13=2,2,0)>=7,2*$E$19,0)*$E$22 -> 0 | O11: =398*M11+398*N11 -> 0 | S11: Double end Cap | T11: =IF(E19=2,5.375,0) -> 0 | U11: =TRUNC(T11*$U$9/$T$9,4) -> 0 | X11: 24" Section High | Y11: 24 | Z11: =IF(I5=0,0,Y11*$Z$9/$Y$9) -> 0.4
C12: =IF(D11<>"U100","Qty","") | D12: 8 | E12: =IF(OR(D11='Data Tables'!Z6,D11='Data Tables'!Z7),"Section(s)",IF(D11="U100","No Glazing","Window(s)")) -> No Glazing | F12: =IF(OR(D11="V130G - 24'' Section",D11="V130G - 21'' Section"),"Glaze:","") | G12: 1/2" Thermopane Glass (10.45) | L12: =IF(M12+N12=0,"","#9 Hinge") | M12: =IF(ROUND($H$5+$I$5,0)-IF($D$13=2,2,0)>=8,2*$E$19,0)*(1-$E$22) -> 0 | N12: =IF(ROUND($H$5+$I$5,0)-IF($D$13=2,2,0)>=8,2*$E$19,0)*$E$22 -> 0 | O12: =409*M12+409*N12 -> 0 | S12: End Rail | T12: =IF(D37<>0,3.6,0) -> 0 | U12: =TRUNC(T12*$U$9/$T$9,4) -> 0 | X12: End Rail height | Y12: =L48 -> 0 | Z12: =Y12*$Z$9/$Y$9 -> 0 | AC12: 2.25
C13: Track Size | D13: 3 | L13: =IF(M13+N13=0,"","#10 Hinge") | M13: =IF(ROUND($H$5+$I$5,0)-IF($D$13=2,2,0)>=9,2*$E$19,0)*(1-$E$22) -> 0 | N13: =IF(ROUND($H$5+$I$5,0)-IF($D$13=2,2,0)>=9,2*$E$19,0)*$E$22 -> 0 | O13: =420*M13+420*N13 -> 0 | S13: End Rail Built Up | T13: =IF(M49<>0,2.25,0) -> 0 | U13: =TRUNC(T13*$U$9/$T$9,4) -> 0 | X13: Male & Female | Y13: =IF(D37<>0,1.25,0) -> 0 | Z13: =Y13*$Z$9/$Y$9 -> 0 | AC13: 3.6
C14: Shaft Coupler (Qty) | D14: 1 | E14: =IF(E15=0,"Shaft Length:","Shaft prep. for electric oper.:") -> Shaft Length: | H14: =IF(D14=0,"1 PC x","2 PCS x") -> 2 PCS x | I14: =IF(D14=0,(F4+12+E15*6+E16*12-E17*12),IF(D14=1,(F4+12+E15*6+E16*12-E17*12)/2,IF(D14=2,(F4+12+E15*6+E16*12-E17*12-I15)/2,IF(D14=3,(F4+12+E15*6+E16*12-E17*12-I15*2)/2)))) -> 54 | J14: =CONCATENATE("(",TRUNC(I14/12,0),"'-",I14-TRUNC(I14/12,0)*12,"'')") -> (4'-6'') | L14: =IF(M14+N14=0,"","#11 Hinge") | M14: =IF(ROUND($H$5+$I$5,0)-IF($D$13=2,2,0)>=10,2*$E$19,0)*(1-$E$22) -> 0 | N14: =IF(ROUND($H$5+$I$5,0)-IF($D$13=2,2,0)>=10,2*$E$19,0)*$E$22 -> 0 | O14: =435*M14+435*N14 -> 0 | S14: Center Rail | T14: =IF(D37<>0,2.64,0) -> 0 | U14: =TRUNC(T14*$U$9/$T$9,4) -> 0 | V14: =U14/2 -> 0 | AC14: 46.05
C15: Prep. Shaft for elect. oper | D15: No | E15: =IF(D15="Yes",1, IF(D15="No",0,"The value entered is not valid")) -> 0 | G15: =IF(D14=2,"Center Shaft 1 PC x",IF(D14=3,"Center Shaft 2 PCS x","")) | I15: =IF(D14=2,CEILING(F4/3,1),IF(D14=3,CEILING(F4/4,0.5),0)) -> 0 | J15: =IF(D14>1,CONCATENATE(TRUNC(I15/12,0),"'-",I15-TRUNC(I15/12,0)*12,"''"),"") | L15: =IF(M15+N15=0,"","#12 Hinge") | M15: =IF(ROUND($H$5+$I$5,0)-IF($D$13=2,2,0)>=11,2*$E$19,0)*(1-$E$22) -> 0 | N15: =IF(ROUND($H$5+$I$5,0)-IF($D$13=2,2,0)>=11,2*$E$19,0)*$E$22 -> 0 | O15: =455*M15+455*N15 -> 0 | R15: Center Rail # | S15: 1 | T15: =L65 | U15: =IF(T15="","",TRUNC(T15*$U$9/$T$9,4)) | X15: Section 21" | Y15: =IF(D11="V130G - 21'' Section",H5-D12,H5) -> 0 | Z15: =Y15*Z10 -> 0 | AC15: 3.6
C16: Low Head Room | D16: =IF(OR(D7="Low Head Room Front Mount",D7="Low Head Room Rear Mount"),"Yes","No") -> No | E16: =IF(D16="Yes",1, IF(D16="No",0,"The value entered is not valid")) -> 0 | I16: ℄ Spring Pad offset from door opening: | J16: =IF(D14=2,(F4-I15)/2,IF(D14=3,(F4/4),"")) | L16: =IF(M16+N16=0,"","#13 Hinge") | M16: =IF(($H$5+$I$5)>=12,2*$E$19*(1-$E$22)*(($H$5+$I$5)-11),0) -> 0 | N16: =IF(($H$5+$I$5)>=12,2*$E$19*E22*($H$5+$I$5-11),0) -> 0 | O16: =575*M16+575*N16 -> 0 | R16: Center Rail # | S16: =IF(S15<$J$5-1,S15+1,"") | T16: =L66 | U16: =IF(T16="","",TRUNC(T16*$U$9/$T$9,4)) | X16: Section 24" | Y16: =IF(D11="V130G - 24'' Section",I5-D12,I5) -> 5 | Z16: =Y16*Z11 -> 2 | AC16: 1
C17: LHR Inside Pick-up | D17: No | E17: =IF(D17="Yes",1, IF(D17="No",0,"The value entered is not valid")) -> 0 | F17: =IF(E18>=1,"Consider additional drum width in spring assembly length","") | L17: =CONCATENATE(D13,"'' ",IF(E16=1,"LHR Top Bracket",IF(M14+N14+M15+N15+M16+N16=0,"Top Bracket","Top Bracket EXTENDED"))) -> 3'' Top Bracket | M17: =2*E19 -> 2 | O17: =IF(E16=1,226*M17,IF(M14+N14+M15+N15+M16+N16=0,312*M17,411*M17)) -> 624 | R17: Center Rail # | S17: =IF(S16<$J$5-1,S16+1,"") | T17: =L67 | U17: =IF(T17="","",TRUNC(T17*$U$9/$T$9,4)) | X17: End Rail Height | Y17: =D12 -> 8 | Z17: =Y17*Z12 -> 0 | AC17: 33
A18: Center Pickup | D18: =IF(E18>=1,"Yes","No") -> No | E18: =IF(SUM(K27:K39)>2200,ROUNDUP(SUM(K27:K39)/1100,0)-2,0) -> 0 | F18: Enforce Double or Triple End Cap & Hinges → | L18: =IF(E25=1,"Safety Bottom Bracket",IF(AND(E16=1,E17=0),"LHR Bottom Bracket",IF(E24=1,"BB2 Bottom Bracket","EZ123 Bottom Bracket"))) -> EZ123 Bottom Bracket | M18: 2 | O18: =IF(E25=1,IF(D13=2,1803*M18,3112*M18),IF(AND(E16=1,E17=0),IF(D13=2,778*M18,2370*M18),IF(E24=1,412*M18,785*M18))) -> 1570 | R18: Center Rail # | S18: =IF(S17<$J$5-1,S17+1,"") | T18: =L68 | U18: =IF(T18="","",TRUNC(T18*$U$9/$T$9,4)) | X18: Male & Female | Y18: =2*D12 -> 16 | Z18: =Y18*Z13 -> 0 | AC18: 1
C19: Double End Cap & Hinges | D19: no | E19: =IF(D19="No",1+IF(I19="Double",1,IF(I19="Triple",2,0)),IF(D19="Yes",2+IF(I19="Triple",1,0))) -> 1 | I19: No | L19: =IF(M19=0,"","2''L/S") | M19: =IF(E19=2,ROUND(H5+I5,0)*2,0)*IF(D13=2,1,0)+2*IF(D13=2,1,0)*E16-IF(AND(D13=2,E17=1,E19=2,OR(D7='Data Tables'!T4,D7='Data Tables'!T5)),2,0) -> 0 | O19: =207*M19 -> 0 | R19: Center Rail # | S19: =IF(S18<$J$5-1,S18+1,"") | T19: =L69 | U19: =IF(T19="","",TRUNC(T19*$U$9/$T$9,4)) | AC19: 3.6
C20: Double End Framing for V130G | D20: =IF(AND(OR(D11='Data Tables'!Z6,D11='Data Tables'!Z7),F4>=14*12+2),"Yes","No") -> No | E20: =IF(D20="Yes",1,IF(I20="Yes",1,0)) -> 0 | H20: Enforce Double End Framing | I20: No | J20: =IF(AND(OR(D11='Data Tables'!Z6,D11='Data Tables'!Z7),OR(D47>0,D48>0,D49>0,D50>0),F4>146),"Yes",IF(AND(OR(D11='Data Tables'!Z6,D11='Data Tables'!Z7),F4>206),"Yes","No")) -> No | L20: =IF(M20=0,"","2'' S/S") | M20: =IF(E19=2,2,(ROUND(H5+I5,0)+1)*2)*IF(D13=2,1,0)-2*IF(D13=2,1,0)*E16+IF(AND(D13=2,E17=1,E19=2,OR(D7='Data Tables'!T4,D7='Data Tables'!T5)),2,0) -> 0 | O20: =158*M20 -> 0 | R20: Center Rail # | S20: =IF(S19<$J$5-1,S19+1,"") | T20: =L70 | U20: =IF(T20="","",TRUNC(T20*$U$9/$T$9,4)) | Y20: Total: | Z20: =SUM(Z15:Z18) -> 2 | AC20: 46.05
C21: End Cap Gauge | D21: 20 | E21: =IF(OR(D21=20, D21=16),D21,"The value entered is not valid") -> 20 | L21: =IF(M21=0,"","3'' L/S") | M21: =IF(E19=2,ROUND(H5+I5,0)*2,0)*IF(D13=3,1,0)+2*IF(D13=3,1,0)*(E16-E17)-IF(AND(D13=3,E17=1,E19=2,OR(D7='Data Tables'!T4,D7='Data Tables'!T5)),2,0) -> 0 | O21: =363*M21 -> 0 | R21: Center Rail # | S21: =IF(S20<$J$5-1,S20+1,"") | T21: =L71 | U21: =IF(T21="","",TRUNC(T21*$U$9/$T$9,4)) | Y21: Difference | Z21: =Z20-Z9 -> 0 | AC21: 3.6
C22: Heavy Duty Hinges | D22: Yes | E22: =IF(D22="Yes",1, IF(D22="No",0,"The value entered is not valid")) -> 1 | L22: =IF(M22=0,"","3'' S/S") -> 3'' S/S | M22: =IF(E19=2,2,(ROUND(H5+I5,0)+1)*2)*IF(D13=3,1,0)-2*IF(D13=3,1,0)*(E16-E17)+IF(AND(D13=3,E17=1,E19=2,OR(D7='Data Tables'!T4,D7='Data Tables'!T5)),2,0) -> 12 | O22: =308*M22 -> 3696 | R22: Center Rail # | S22: =IF(S21<$J$5-1,S21+1,"") | T22: =L72 | U22: =IF(T22="","",TRUNC(T22*$U$9/$T$9,4)) | AC22: 2.25
C23: Man Door | D23: No | E23: =IF(D23="Yes",1, IF(D23="No",0,"The value entered is not valid")) -> 0 | H23: 120 | I23: 2 Hat Strut | L23: Step Kit | M23: 1 | O23: =M23*(116+80+359+50) -> 605 | R23: Center Rail # | S23: =IF(S22<$J$5-1,S22+1,"") | T23: =L73 | U23: =IF(T23="","",TRUNC(T23*$U$9/$T$9,4)) | AC23: =SUM(AC12:AC22) -> 146
C24: Enforce EZ123 Botom Bracket | D24: No | E24: =IF(D24="Yes",0, IF(D24="No",IF(AND(D13=2,K27+K28+K29+K31+K32+K33+K35+J39+K36+K37+K38+K39<300),1,0))) -> 0 | L24: Tek Screws | M24: =24+4*(SUM(M2:M18)+SUM(N4:N16)) -> 88 | O24: =6*M24 -> 528 | R24: Center Rail # | S24: =IF(S23<$J$5-1,S23+1,"") | T24: =L74 | U24: =IF(T24="","",TRUNC(T24*$U$9/$T$9,4))
C25: Shear Type Safety Bottom Bracket | D25: No | E25: =IF(D25="Yes",1,IF(D25="No",0,"The value entered is not valid")) -> 0 | F25: =IF(E25=1,IF(D13=3,"Added 10'' to Clable Length","Added 4'' to Clable Length"),"") | L25: Pull Rope #10 | M25: =IF(ROUND(F5/12,0)-5<5,5,ROUND(F5/12,0)-5) -> 5 | N25: No Pull Rope if Chain Hoist | R25: Center Rail # | S25: =IF(S24<$J$5-1,S24+1,"") | T25: =L75 | U25: =IF(T25="","",TRUNC(T25*$U$9/$T$9,4))
C26: Car Keyed Lock System | D26: No | E26: =IF(D26="Double",2,IF(D26="Single",1,IF(D26="No",0,"The value entered is not valid"))) -> 0 | K26: Lbs | L26: ↓Calculated Weight
C27: Top Astragal & Retainer | D27: =IF(F4>=18*12+0,"Yes","No") -> No | E27: =IF(D27="Yes",1,IF(F27="Yes",1,0)) -> 0 | F27: No | G27: Enforce Top Astragal & Retainer | K27: =ROUND((SUMIFS('Data Tables'!C2:C6,'Data Tables'!A2:A6,D2)*(H7-IF(E37=21,D37,0))+SUMIFS('Data Tables'!D2:D6,'Data Tables'!A2:A6,D2)*(I5-IF(E37=24,D37,0)))*F4/12+E73+G73+F86,0)+K39 -> 193 | L27: Steel | P27: 134
D28: +/- | E28: Total ↓ | F28: Lbs | K28: =IF(OR(D2="TX450",D2="TX450-20",D2="TX500",D2="TX500-20"),ROUND(IF(OR(D11="V130G - 24'' Section",D11="V130G - 21'' Section"),O58,0),0),0)+J39 -> 0 | L28: Aluminum | M28: ↓Actual Weight | P28: 44 | S28: Window W | T28: 18 | U28: =TRUNC(T28*$U$9/$T$9,4) -> 0.4687 | X28: Window H | Y28: 8 | Z28: =TRUNC(Y28*$Z$9/$Y$9,4) -> 0.1333
B29: Low Thresold (Mandoor) | C29: =IF(I23="1 Thresold",1,0) -> 0 | D29: 0 | E29: =C29+D29 -> 0 | F29: =E29*(F4/12)*'Data Tables'!AA41 -> 0 | J29: Lbs | K29: =IF(OR(D2="TX450",D2="TX450-20",D2="TX500",D2="TX500-20"),ROUND(IF(OR(D11="V130G - 24'' Section",D11="V130G - 21'' Section"),IF(D60=J5,D64*D37,"Review Glazing"),0),0),0) -> 0 | L29: Glazing | M29: 597 | O29: =K27+K28+K29+K36+K37+K38+K41 -> 193 | P29: 108 | S29: Other Dimension W | U29: =TRUNC(T29*$U$9/$T$9,4) -> 0 | X29: Other Dimension H | Y29: 1.25 | Z29: =TRUNC(Y29*$Z$9/$Y$9,4) -> 0.0208
B30: 20ga Strut | C30: 0 | D30: 1 | E30: =C30+D30 -> 1 | F30: =E30*(F4/12)*'Data Tables'!AB35 -> 6.32 | H30: Strut Clip (Pcs) | I30: =IF(E30=0,"",(J5+1+2*(E19-1))*E30) -> 3 | J30: =IF(E30=0,0,I30*'Data Tables'!AA40) -> 0.11448488 | K30: =ROUND(SUM(O2:O24)/454,0) -> 24 | L30: Hardware | M30: =ROUND(K30,0) -> 24 | N30: H/W | P30: 23
B31: Std 16ga Hat Strut | C31: 0 | D31: 1 | E31: =C31+D31 -> 1 | F31: =IF(B31="Std 16ga Hat Strut",E31*(F4/12)*'Data Tables'!AB36,E31*(F4/12)*'Data Tables'!AB37) -> 8.4 | H31: Strut Clip (Pcs) | I31: =IF(E31=0,"",(J5+1+2*(E19-1))*E31) -> 3 | J31: =IF(E31=0,0,I31*'Data Tables'!AA40) -> 0.11448488 | K31: =ROUND(IF(E26=0,0,IF(E26=1,(F4/12)/2*'Data Tables'!H4+'Data Tables'!H2,IF(E26=2,F4/12*'Data Tables'!H4+'Data Tables'!H3,0))),0) -> 0 | L31: Car k. Lock Syst | M31: =K31 -> 0 | N31: Car k. Lock System | P31: =SUM(P27:P30) -> 309 | T31: 4" Exhaust Port Diam | U31: 4 | V31: =U31*Z9/Y9 -> 0.066666667
B32: Z Strut | C32: 0 | D32: 1 | E32: =C32+D32 -> 1 | F32: =IF(E32=0,0,E32*I32*'Data Tables'!AA54) -> 19.568 | H32: Z Strut (Length) | I32: =IF(E32+E33=0,"",F4/12) -> 8 | J32: =IF(E32+E33=0,0,(E32+E33)*I32*'Data Tables'!AA54) -> 19.568 | K32: =ROUND(F30+J30,0) -> 6 | L32: 20ga Struts | M32: =ROUND(K32,0) -> 6 | N32: 20ga Struts | T32: Exhaust Port 3" Diam | U32: 3 | V32: =U32*Z9/Y9 -> 0.05
B33: Additional T & B Z Strut | C33: 0 | D33: 0 | E33: =C33+D33 -> 0 | F33: =IF(E33=0,0,E33*I33*'Data Tables'!AA54) -> 0 | H33: Connector (Pcs) | I33: =IF(E32+E33=0,"",ROUNDDOWN((F4/12/10)-1,0)*(E32+E33)) -> 0 | J33: =IF(E32+E33=0,0,I33*'Data Tables'!AA54) -> 0 | K33: =ROUND(F31+J31,0) -> 9 | L33: 16ga Struts | M33: =ROUND(K33,0) -> 9 | N33: 16ga Struts | Q33: 2.78
B34: 34"x16" Thermopane | C34: =IF(D11='Data Tables'!Z3,D12,0) -> 0 | D34: 0 | E34: =C34+D34 -> 0 | F34: =E34*'Data Tables'!AP56 -> 0 | H34: Z Straps Bended(Pcs) | I34: =IF(E32=0,"",(J5+1)*E32) -> 3 | J34: =IF(E32=0,0,I34*'Data Tables'!AA55) -> 5.0166 | K34: =F29 -> 0 | L34: Low Thresold | M34: 0 | N34: Low Thresold, included in V130G | Q34: 4.87
B35: 24"x12" Thermopane | C35: =IF(D11='Data Tables'!Z4,D12,0) -> 0 | D35: 0 | E35: =C35+D35 -> 0 | F35: =E35*'Data Tables'!AO56 -> 0 | H35: Z Straps Straight(Pcs) | I35: =IF(E33=0,"",(J5+1)*E33) | J35: =IF(E33=0,0,I35*'Data Tables'!AA56) -> 0 | K35: =ROUND(J32+J33+J34+J35,0) -> 25 | L35: Z Struts | M35: =ROUND(K35,0) -> 25 | N35: Z Struts | Q35: 0.31 | T35: # of Windows per section | U35: 1
B36: 18"x8" Thermopane | C36: =IF(D11='Data Tables'!Z5,D12,0) -> 0 | D36: 0 | E36: =C36+D36 -> 0 | F36: =E36*'Data Tables'!AN56 -> 0 | K36: =ROUND(F34,0) -> 0 | L36: 34"x16" Thermo Windows | M36: 0 | N36: T-Bar, included in V130G | Q36: =SUM(Q33:Q35) -> 7.96 | T36: Space between windows | U36: =(F4-U35*24)/(U35+1) -> 36 | V36: =(U9-D12*U28)/(D12+1) -> -0.13884444
C37: # Sections V130G | D37: =IF(OR(D11="V130G - 24'' Section",D11="V130G - 21'' Section"),D12,0) -> 0 | E37: =IF(D11='Data Tables'!Z6,24,IF(D11='Data Tables'!Z7,21,0)) -> 0 | F37: Height | K37: =ROUND(F35,0) -> 0 | L37: 24"x12" Thermo Windows | M37: 0 | N37: V-Strut, included in V130G
C38: Build In Strut for V130G | D38: =IF(AND(D37>0,F4>=14*12+2,OR(D47>0,D48>0,D49>0,D50>0)),"Yes",IF(AND(D37>0,F4>=18*12+0),"Yes","No")) -> No | E38: =IF(D38="Yes",1,IF(F38="Yes",1,0)) -> 0 | F38: No | G38: Enforce Build In Strut for V130G | K38: =F36 -> 0 | L38: 18"x8" Thermo Windows | M38: =IF(OR(M29="", M29=0),"",SUM(M29:M37)) -> 661 | N38: Total
C39: T-Bar for V130G | D39: =IF(AND(F4>=18*12+0,OR(D11='Data Tables'!Z6,D11='Data Tables'!Z7),OR(D47>0,D48>0,D49>0,D50>0)),"Yes",IF(AND(F4>=20*12+1,OR(D11='Data Tables'!Z6,D11='Data Tables'!Z7)),"Yes","No")) -> No | E39: =IF(D39="Yes",1,IF(F39="Yes",1,0)) -> 0 | F39: No | G39: Enforce T-Bar for V130G | K39: =ROUND(19*E23,0) -> 0 | L39: Man Door | M39: =IF(M38="","",(M38-K40)/M38) -> 0.61119516 | N39: =IF(M38="","",CONCATENATE(ROUND(M38-K40,2)," Lbs")) -> 404 Lbs | S39: Interpolation
K40: =SUM(K27:K38)+K41 -> 257 | L40: Total | M40: (Actual - Calculated) | S40: x1 | T40: 8.16 | U40: x2 | V40: 6.97
D41: Turns | E41: ='Drum Tables'!I3 -> 10.7 | F41: Multi | G41: ='Drum Tables'!H3 -> 0.375 | H41: IPPT | I41: ='Drum Tables'!H3*'Input Data'!M38 -> 247.875 | J41: =D2 -> TX450 | K41: =ROUND(F90,0) -> 0 | L41: Center Pickup Bottom Bracket + Exterior Skin Protector Plate | S41: y1 | T41: 50 | U41: y2 | V41: 100
D42: # of Spring(s) | E42: Coil | F42: Wire | G42: Length | H42: Galv. | I42: Cycles | J42: Tandem | L42: =IF(E18>=1,CONCATENATE("Total Weight / ",(E18+1)," = "),"") | M42: =IF(E18>=1,K40/(E18+1),"") | N42: =IF(E18>=1,"Lbs","") | O42: =K40/2 -> 128.5 | P42: (Weight / 2) | S42: x | T42: 6.4 | U42: y | V42: =(T42-T40)*(V41-T41)/(V40-T40)+T41 -> 123.94958
D43: 4 | E43: 2.625 | F43: ='Sprinc Calc'!C2 -> 0 | G43: =IF('Sprinc Calc'!D2-INT('Sprinc Calc'!D2)<0.5,INT('Sprinc Calc'!D2),INT('Sprinc Calc'!D2)+0.5) -> 0 | H43: No | I43: 10000 | J43: No | L43: =IF(E18>=1,CONCATENATE("Width / ",(E18+1)," = "),"") | M43: =IF(E18>=1,F4/(E18+1),"") | N43: =IF(E18>=1,"inch","") | O43: =F4/3 -> 32
C44: Spring(s) weight | D44: 1 | E44: =SUM('Spring Ass.Length'!G30:G63) -> 141.35 | F44: = | G44: =D44*E44 -> 141.35 | H44: Lbs | I44: ='Sprinc Calc'!H2 -> #N/A | T44: 8.16 | U44: 6.97
C45: Space free | D45: =IF('Spring Ass.Length'!B16<3,'Spring Ass.Length'!B16,"") | G45: Space free per spring | H45: ='Spring Ass.Length'!B16 -> 3.908 | T45: 50 | U45: 100
D46: Glaze per Section | G46: Grams / in2
C47: =IF(SUM(D47:D59)=J5,"Qty Glazing Ok","Review qty of glazing panels") -> Review qty of glazing panels | D47: =IF(AND(OR($D$11='Data Tables'!$Z$6,$D$11='Data Tables'!$Z$7),E47=$G$12),$J$5,0) -> 0 | E47: 1/2" Thermopane Glass (10.45) | H47: =10.45*D47 -> 0 | L47: Length | M47: Qty | N47: Bolts | O47: Weight
D48: =IF(AND(OR($D$11='Data Tables'!$Z$6,$D$11='Data Tables'!$Z$7),E48=$G$12),$J$5,0) -> 0 | E48: 1/2" Sealed Low E (10.91) | H48: =10.9074084163518*D48 -> 0 | K48: 3" End Rail | L48: =IF(D37=0,0,E37-2*1.25) -> 0 | M48: =2*D37 -> 0 | N48: =M48*4 -> 0 | O48: =IF(OR(D2="TX450",D2="TX450-20"),L48/12*M48*'Data Tables'!AB24,IF(OR(D2="TX500",D2="TX500-20"),L48/12*M48*'Data Tables'!AC24,0)) -> 0
D49: =IF(AND(OR($D$11='Data Tables'!$Z$6,$D$11='Data Tables'!$Z$7),E49=$G$12),$J$5,0) -> 0 | E49: 1/2" Sealed Argon Gas | H49: =10.9074084163518*D49 -> 0 | K49: End Rail Built Up | L49: =L48 -> 0 | M49: =IF(E20=1,2*D37,IF(I20="Yes",2*D37,0)) -> 0 | N49: =M49*2 -> 0 | O49: =IF(OR(D2="TX450",D2="TX450-20"),L49/12*M49*'Data Tables'!AB32,IF(OR(D2="TX500",D2="TX500-20"),L49/12*M49*'Data Tables'!AC32,0)) -> 0
D50: =IF(AND(OR($D$11='Data Tables'!$Z$6,$D$11='Data Tables'!$Z$7),E50=$G$12),$J$5,0) -> 0 | E50: 6mm Single Glass | H50: =9.23*D50 -> 0 | I50: 8.7597294 | K50: Male | L50: =IF(D37=0,0,F4) -> 0 | M50: =D37 -> 0 | O50: =IF(OR(D2="TX450",D2="TX450-20"),L50/12*M50*'Data Tables'!AB29,IF(OR(D2="TX500",D2="TX500-20"),L50/12*M50*'Data Tables'!AC29,0)) -> 0
D51: =IF(AND(OR($D$11='Data Tables'!$Z$6,$D$11='Data Tables'!$Z$7),E51=$G$12),$J$5,0) -> 0 | E51: Alum Perforated 8ga, 1/4"φ Holes | H51: =5.65*D51 -> 0 | I51: 5.65 Lbs/in2 | K51: Female | L51: =IF(D37=0,0,F4) -> 0 | M51: =(1-E38)*D37 -> 0 | O51: =IF(OR(D2="TX450",D2="TX450-20"),L51/12*M51*'Data Tables'!AB30,IF(OR(D2="TX500",D2="TX500-20"),L51/12*M51*'Data Tables'!AC30,0)) -> 0
D52: =IF(AND(OR($D$11='Data Tables'!$Z$6,$D$11='Data Tables'!$Z$7),E52=$G$12),$J$5,0) -> 0 | E52: 3mm Single Tempered (5.00) | H52: =5*D52 -> 0 | K52: Female / Strut | L52: =IF(E38=1,F4,0) -> 0 | M52: =E38*D37 -> 0 | O52: =IF(OR(D2="TX450",D2="TX450-20"),L52/12*M52*'Data Tables'!AB31,IF(OR(D2="TX500",D2="TX500-20"),L52/12*M52*'Data Tables'!AC31,0)) -> 0
D53: =IF(AND(OR($D$11='Data Tables'!$Z$6,$D$11='Data Tables'!$Z$7),E53=$G$12),$J$5,0) -> 0 | E53: 3mm Single Annealed (4.38) | H53: =4.37986469880287*D53 -> 0 | K53: 2" Center Rail | L53: =L48 -> 0 | M53: =D37*(J5-1) -> 0 | N53: =M53*2 -> 0 | O53: =IF(OR(D2="TX450",D2="TX450-20"),L53/12*M53*'Data Tables'!AB22,IF(OR(D2="TX500",D2="TX500-20"),L53/12*M53*'Data Tables'!AC22,0)) -> 0
D54: =IF(AND(OR($D$11='Data Tables'!$Z$6,$D$11='Data Tables'!$Z$7),E54=$G$12),$J$5,0) -> 0 | E54: 5/8" Polycarbonate | H54: =1.69309651996528*D54 -> 0 | K54: T-Bar for V130G | L54: =IF(D37=0,0,F4) -> 0 | M54: =E39*D37 -> 0 | O54: =L54/12*M54*'Data Tables'!H15 -> 0
D55: =IF(AND(OR($D$11='Data Tables'!$Z$6,$D$11='Data Tables'!$Z$7),E55=$G$12),$J$5,0) -> 0 | E55: 3mm Acrylic | H55: =D55*(2.14877214507772) -> 0 | K55: Grey Rubber | L55: =2*(D62+F62) -> 0 | M55: =D37*J5 -> 0 | O55: =L55/12*M55*'Data Tables'!AB45 -> 0
D56: =IF(AND(OR($D$11='Data Tables'!$Z$6,$D$11='Data Tables'!$Z$7),E56=$G$12),$J$5,0) -> 0 | E56: 6mm Acrylic | H56: =D56*4.60288375462001 -> 0 | K56: Snap Moulding | L56: =L55 -> 0 | M56: =D37*J5 -> 0 | O56: =L56/12*M56*'Data Tables'!AB46 -> 0
D57: =IF(AND(OR($D$11='Data Tables'!$Z$6,$D$11='Data Tables'!$Z$7),E57=$G$12),$J$5,0) -> 0 | E57: 5/8" Stucco | H57: =D57*1.86984144280316 -> 0 | K57: Bubble Seal | L57: =F4*D37 -> 0 | M57: =D37 -> 0 | O57: =L57/12*M57*'Data Tables'!AB47 -> 0
D58: =IF(AND(OR($D$11='Data Tables'!$Z$6,$D$11='Data Tables'!$Z$7),E58=$G$12),$J$5,0) -> 0 | E58: AntiDent Plate | H58: =D58*4.9654337164751 -> 0 | M58: Total per Section | N58: =SUM(N48:N57) -> 0 | O58: =SUM(O48:O57)+N58*14.8*2.2046/1000 -> 0
D59: =IF(AND(OR($D$11='Data Tables'!$Z$6,$D$11='Data Tables'!$Z$7),E59=$G$12),$J$5,0) -> 0 | E59: Solid Urathane or Wire Mesh | H59: =D59*3.251 -> 0 | N59: Total Aluminum (Lbs) | O59: =IF(D37=0,0,O58/D37) -> 0
D60: =SUM(D47:D59) -> 0
D61: =D62 -> 0 | E61: x | F61: =F62 -> 0 | H61: Qty | L61: V130G Center Rail Location
C62: Glaze Size | D62: =IF(D37=0,0,(F4-(2*'Data Tables'!AA24+2*('Input Data'!E20)*'Data Tables'!AA32+(J5-1)*'Data Tables'!AA22))/J5+'Data Tables'!AA49) -> 0 | E62: Width x | F62: =IF(D37=0,0,E37-('Data Tables'!AA30+'Data Tables'!AA31)+'Data Tables'!AA50) -> 0 | G62: Height | K62: Built-Up | L62: =IF(D37=0,"",(E19-1)*0.351) | M62: From each end of Door
C63: Qty Glaze | D63: =J5*D12 -> 16 | K63: 1st End Rail Bolt | L63: =IF(D37=0,"",IF(E19=1,0.361,2.611)) | M63: From each end of Door
C64: Total Glazing per Section | D64: =SUM(H47:H59)*(D62*F62)*2.2046/1000 -> 0 | E64: Lbs | J64: Center Rail # | K64: 2nd End Rail Bolt | L64: =IF(D37=0,"",IF(E19=1,2.785,5.035)) | M64: From each end of Door
J65: Center Rail # | K65: 1 | L65: =IF($D$37=0,"",IF($J$5<3,"",'Data Tables'!AA24+'Data Tables'!AA32*(E19-1)+D62-'Data Tables'!AA49+'Data Tables'!AA22/2)) | M65: From Left of Door | P65: =L65
D66: 21" | E66: Lbs | F66: 24" | G66: Lbs | J66: Center Rail # | K66: =IF(K65<$J$5-1,K65+1,"") | L66: =IF($D$37=0,"",IF(K66="","",IF($J$5<K66+1,"",L65+$D$62-'Data Tables'!$AA$49+'Data Tables'!$AA$22))) | M66: =IF(L66="","","From Left of Door") | P66: =L66
C67: Single End Cap 20 Ga | D67: =IF(AND(E19=1,E21=20),2*H7,0) -> 0 | E67: =SUMIFS('Data Tables'!X21:X76,'Data Tables'!T21:T76,D2,'Data Tables'!U21:U76,E19,'Data Tables'!V21:V76,'Input Data'!E21,'Data Tables'!W21:W76,H4)/453.4*D67 -> 0 | F67: =IF(AND(E19=1,E21=20),2*I5,0) -> 10 | G67: =SUMIFS('Data Tables'!X21:X76,'Data Tables'!T21:T76,D2,'Data Tables'!U21:U76,E19,'Data Tables'!V21:V76,'Input Data'!E21,'Data Tables'!W21:W76,I4)/453.4*F67 -> 14.07146 | J67: Center Rail # | K67: =IF(K66<$J$5-1,K66+1,"") | L67: =IF($D$37=0,"",IF(K67="","",IF($J$5<K67+1,"",L66+$D$62-'Data Tables'!$AA$49+'Data Tables'!$AA$22))) | M67: =IF(L67="","","From Left of Door") | P67: =L67
C68: Single End Cap 16 Ga | D68: =IF(AND(E19=1,E21=16),2*H7,0) -> 0 | E68: =SUMIFS('Data Tables'!X21:X76,'Data Tables'!T21:T76,D2,'Data Tables'!U21:U76,E19,'Data Tables'!V21:V76,'Input Data'!E21,'Data Tables'!W21:W76,H4)/453.4*D68 -> 0 | F68: =IF(AND(E19=1,E21=16),2*I5,0) -> 0 | G68: =SUMIFS('Data Tables'!X21:X76,'Data Tables'!T21:T76,D2,'Data Tables'!U21:U76,E19,'Data Tables'!V21:V76,'Input Data'!E21,'Data Tables'!W21:W76,I4)/453.4*F68 -> 0 | J68: Center Rail # | K68: =IF(K67<$J$5-1,K67+1,"") | L68: =IF($D$37=0,"",IF(K68="","",IF($J$5<K68+1,"",L67+$D$62-'Data Tables'!$AA$49+'Data Tables'!$AA$22))) | M68: =IF(L68="","","From Left of Door") | P68: =L68
C69: Double End Cap 20 Ga | D69: =IF(AND(E19=2,E21=20),2*H7,0) -> 0 | E69: =SUMIFS('Data Tables'!X21:X76,'Data Tables'!T21:T76,D2,'Data Tables'!U21:U76,E19,'Data Tables'!V21:V76,'Input Data'!E21,'Data Tables'!W21:W76,H4)/453.4*D69 -> 0 | F69: =IF(AND(E19=2,E21=20),2*I5,0) -> 0 | G69: =SUMIFS('Data Tables'!X21:X76,'Data Tables'!T21:T76,D2,'Data Tables'!U21:U76,E19,'Data Tables'!V21:V76,'Input Data'!E21,'Data Tables'!W21:W76,I4)/453.4*F69 -> 0 | J69: Center Rail # | K69: =IF(K68<$J$5-1,K68+1,"") | L69: =IF($D$37=0,"",IF(K69="","",IF($J$5<K69+1,"",L68+$D$62-'Data Tables'!$AA$49+'Data Tables'!$AA$22))) | M69: =IF(L69="","","From Left of Door") | P69: =L69
C70: Double End Cap 16 Ga | D70: =IF(AND(E19=2,E21=16),2*H7,0) -> 0 | E70: =SUMIFS('Data Tables'!X21:X76,'Data Tables'!T21:T76,D2,'Data Tables'!U21:U76,E19,'Data Tables'!V21:V76,'Input Data'!E21,'Data Tables'!W21:W76,H4)/453.4*D70 -> 0 | F70: =IF(AND(E19=2,E21=16),2*I5,0) -> 0 | G70: =SUMIFS('Data Tables'!X21:X76,'Data Tables'!T21:T76,D2,'Data Tables'!U21:U76,E19,'Data Tables'!V21:V76,'Input Data'!E21,'Data Tables'!W21:W76,I4)/453.4*F70 -> 0 | J70: Center Rail # | K70: =IF(K69<$J$5-1,K69+1,"") | L70: =IF($D$37=0,"",IF(K70="","",IF($J$5<K70+1,"",L69+$D$62-'Data Tables'!$AA$49+'Data Tables'!$AA$22))) | M70: =IF(L70="","","From Left of Door") | P70: =L70
C71: Triple End Cap 20 Ga | D71: =IF(AND(E19=3,E21=20),2*H7,0) -> 0 | E71: =SUMIFS('Data Tables'!X21:X76,'Data Tables'!T21:T76,D2,'Data Tables'!U21:U76,E19,'Data Tables'!V21:V76,'Input Data'!E21,'Data Tables'!W21:W76,H4)/453.4*D71 -> 0 | F71: =IF(AND(E19=3,E21=20),2*I5,0) -> 0 | G71: =SUMIFS('Data Tables'!X21:X76,'Data Tables'!T21:T76,D2,'Data Tables'!U21:U76,E19,'Data Tables'!V21:V76,'Input Data'!E21,'Data Tables'!W21:W76,I4)/453.4*F71 -> 0 | J71: Center Rail # | K71: =IF(K70<$J$5-1,K70+1,"") | L71: =IF($D$37=0,"",IF(K71="","",IF($J$5<K71+1,"",L70+$D$62-'Data Tables'!$AA$49+'Data Tables'!$AA$22))) | M71: =IF(L71="","","From Left of Door") | P71: =L71
C72: Triple End Cap 16 Ga | D72: =IF(AND(E19=3,E21=16),2*H7,0) -> 0 | E72: =SUMIFS('Data Tables'!X21:X76,'Data Tables'!T21:T76,D2,'Data Tables'!U21:U76,E19,'Data Tables'!V21:V76,'Input Data'!E21,'Data Tables'!W21:W76,H4)/453.4*D72 -> 0 | F72: =IF(AND(E19=3,E21=16),2*I5,0) -> 0 | G72: =SUMIFS('Data Tables'!X21:X76,'Data Tables'!T21:T76,D2,'Data Tables'!U21:U76,E19,'Data Tables'!V21:V76,'Input Data'!E21,'Data Tables'!W21:W76,I4)/453.4*F72 -> 0 | J72: Center Rail # | K72: =IF(K71<$J$5-1,K71+1,"") | L72: =IF($D$37=0,"",IF(K72="","",IF($J$5<K72+1,"",L71+$D$62-'Data Tables'!$AA$49+'Data Tables'!$AA$22))) | M72: =IF(L72="","","From Left of Door") | P72: =L72
D73: Total 21" | E73: =SUM(E67:E72) -> 0 | F73: Total 24" | G73: =SUM(G67:G72) -> 14.07146 | J73: Center Rail # | K73: =IF(K72<$J$5-1,K72+1,"") | L73: =IF($D$37=0,"",IF(K73="","",IF($J$5<K73+1,"",L72+$D$62-'Data Tables'!$AA$49+'Data Tables'!$AA$22))) | M73: =IF(L73="","","From Left of Door") | P73: =L73
A74: =SUMIFS('Data Tables'!X21:X76,'Data Tables'!T21:T76,D2,'Data Tables'!U21:U76,E19,'Data Tables'!V21:V76,'Input Data'!E21,'Data Tables'!W21:W76,H4)/453.4*2 -> 2.4525805 | J74: Center Rail # | K74: =IF(K73<$J$5-1,K73+1,"") | L74: =IF($D$37=0,"",IF(K74="","",IF($J$5<K74+1,"",L73+$D$62-'Data Tables'!$AA$49+'Data Tables'!$AA$22))) | M74: =IF(L74="","","From Left of Door") | P74: =L74
D75: Qty | E75: Length (Ft) | F75: Lbs | K75: =IF(K74<$J$5-1,K74+1,"") | L75: =IF($D$37=0,"",IF(K75="","",IF($J$5<K75+1,"",L74+$D$62-'Data Tables'!$AA$49+'Data Tables'!$AA$22))) | M75: =IF(L75="","","From Left of Door") | P75: =L75
C76: Dual Contact Weather Seal | D76: =H5+I5-1-D37 -> 4 | E76: =IF(D76=0,0,$F$4/12) -> 8 | F76: =(D76*E76*'Data Tables'!H5)*0 -> 0 | G76: Weight included in weight per Ft Factor
C77: Top & Bottom Retainer 1-3/8" | D77: =IF(D2="TX380",1+E27,0) -> 0 | E77: =IF(D77=0,0,$F$4/12) -> 0 | F77: =D77*E77*'Data Tables'!H6 -> 0
C78: Top & Bottom Retainer 1-3/4" | D78: =IF(OR(D2="TX450",D2="TX450-20"),1+E27,0) -> 1 | E78: =IF(D78=0,0,$F$4/12) -> 8 | F78: =D78*E78*'Data Tables'!H7 -> 1.4 | L78: TX Hinge Location
C79: Top & Bottom Retainer 2" | D79: =IF(OR(D2="TX500",D2="TX500-20"),1+E27,0) -> 0 | E79: =IF(D79=0,0,$F$4/12) -> 0 | F79: =D79*E79*'Data Tables'!H8 -> 0 | K79: =K65 -> 1 | L79: =ROUNDDOWN(F4/J5,0) -> 48 | M79: From Left of Door
C80: Bottom Astragal Black | D80: 1 | E80: =IF(D80=0,0,$F$4/12) -> 8 | F80: =D80*E80*'Data Tables'!H9 -> 1.8256 | K80: =K66 | L80: =IF(K80="","",ROUNDDOWN(F4/J5+$F$4/$J$5,0)) | M80: =IF(L80="","","From Left of Door")
C81: Top Astragal Black | D81: =E27 -> 0 | E81: =IF(D81=0,0,$F$4/12) -> 0 | F81: =D81*E80*'Data Tables'!H10 -> 0 | K81: =K67 | L81: =IF(K81="","",ROUNDDOWN(L80+$F$4/$J$5,0)) | M81: =IF(L81="","","From Left of Door")
C82: 24" End Cap Seal | D82: =2*I5 -> 10 | F82: =D82*'Data Tables'!H11 -> 0.441 | K82: =K68 | L82: =IF(K82="","",ROUNDDOWN(L81+$F$4/$J$5,0)) | M82: =IF(L82="","","From Left of Door")
C83: 21" End Cap Seal | D83: =2*H5 -> 0 | F83: =D83*'Data Tables'!H12 -> 0 | K83: =K69 | L83: =IF(K83="","",ROUNDDOWN(L82+$F$4/$J$5,0)) | M83: =IF(L83="","","From Left of Door")
C84: End Cap Screw | D84: =2*(H5+I5)*2+2 -> 22 | F84: =D84*'Data Tables'!H13 -> 0 | K84: =K70 | L84: =IF(K84="","",ROUNDDOWN(L83+$F$4/$J$5,0)) | M84: =IF(L84="","","From Left of Door")
C85: Retainer & Serial Tag Screw | D85: =ROUNDUP((SUM(D77:D79)*2*F4/24),0)+1+2 -> 11 | F85: =D85*'Data Tables'!H14 -> 0 | K85: =K71 | L85: =IF(K85="","",ROUNDDOWN(L84+$F$4/$J$5,0)) | M85: =IF(L85="","","From Left of Door")
E86: Total | F86: =SUM(F76:F85) -> 3.6666 | K86: =K72 | L86: =IF(K86="","",ROUNDDOWN(L85+$F$4/$J$5,0)) | M86: =IF(L86="","","From Left of Door")
K87: =K73 | L87: =IF(K87="","",ROUNDDOWN(L86+$F$4/$J$5,0)) | M87: =IF(L87="","","From Left of Door")
C88: 24" Center Pickup Bottom Bracket | D88: =E18 -> 0 | F88: =D88*'Data Tables'!AA58 -> 0 | K88: =K74 | L88: =IF(K88="","",ROUNDDOWN(L87+$F$4/$J$5,0)) | M88: =IF(L88="","","From Left of Door")
C89: 24" Exterior Door Face Protector | D89: =(H7+I5-1)*E18 -> 0 | F89: =D89*'Data Tables'!AA59 -> 0 | K89: =K75 | L89: =IF(K89="","",ROUNDDOWN(L88+$F$4/$J$5,0)) | M89: =IF(L89="","","From Left of Door")
E90: Total: | F90: =ROUND(SUM(F88:F89),2) -> 0

Sheet Track B.O.M.
D1: TRACK COMPONENTS AND HARDWARE | E1: Rev | F1: H
A2: FT | B2: IN
A3: ='Input Data'!D4 -> 8 | B3: ='Input Data'!E4 -> 0 | C3: =A3*12+B3 -> 96 | D3: Door Width | K3: Shop Drawing Dimensions
A4: ='Input Data'!D5 -> 10 | B4: ='Input Data'!E5 -> 0 | C4: =A4*12+B4 -> 120 | D4: Door Height | K4: Track Type | N4: ='Sub-Routine for U.S.T. and misc'!C17 -> VERTICAL LIFT
C5: ='Input Data'!D13 -> 3 | D5: Track Size (2" or 3") | K5: High Lift | N5: =IF(C7=2,C8,"N/A") -> N/A | P5: =IF(C7=2,ROUNDDOWN(N5/12,0),"N/A") -> N/A | Q5: =IF(C7=2,N5-P5*12,"N/A") -> N/A | U5: Floor to Ceiling (DH + HR) | V5: =C4+N7 -> 258 | X5: =INT(V5/12) -> 21 | Y5: =V5-X5*12 -> 6 | Z5: =X5*12+Y5 -> 258 | AA5: =Z5*25.4 -> 6553.2 | AB5: mm
C6: 0 | D6: Track Material (0 Std, 1 Powder Coated) | H6: Modified CL Shaft Elev (Inch) | I6: ='Input Data'!K8 -> 0 | K6: Center Line of Shaft | N6: =IF(OR(I6=0,I6=""),'Sub-Routine for U.S.T. and misc'!C19,I6-C4) -> 132 | P6: =INT(N6/12) -> 11 | Q6: =(N6/12-P6)*12 -> 0 | U6: Bottom to CL Shaft1 | V6: =C4+N6 -> 252 | X6: =INT(V6/12) -> 21 | Y6: =V6-X6*12 -> 0
C7: =IF('Input Data'!D7="Standard Lift 15'' Radius",0,IF('Input Data'!D7="Standard Lift 12'' Radius",0,IF(OR('Input Data'!D7="Low Head Room Front Mount",'Input Data'!D7="Low Head Room Rear Mount"),1,IF('Input Data'!D7="High Lift",2,IF('Input Data'!D7="Vertical Lift",3,"Error"))))) -> 3 | D7: Track Type (0-Std, 1-LHR, 2-HL, 3-VL) | F7: IN | H7: FT | I7: IN | K7: Headroom (min) | N7: =IF(I6=0,'Sub-Routine for U.S.T. and misc'!C20,I6-C4+4) -> 138 | P7: =INT(N7/12) -> 11 | Q7: =(N7/12-P7)*12 -> 6
C8: ='Input Data'!D8 -> 45 | D8: =IF(C7=2,"High Lift (in)=","") | E8: U.S.T.= | F8: =IF(C7=1,C4,'Sub-Routine for U.S.T. and misc'!C18) -> 0 | H8: =IF(C7=3,"N/A",INT(F8/12)) -> N/A | I8: =IF(C7=3,"N/A",(F8/12-H8)*12) -> N/A | K8: Backroom | N8: ='Sub-Routine for U.S.T. and misc'!C21 -> 18 | P8: =INT(N8/12) -> 1 | Q8: =(N8/12-P8)*12 -> 6 | U8: CL Shaft 2 (Tandem Shaft) offset | V8: 12
C9: =IF('Input Data'!D7="Low Head Room Front Mount",1,IF('Input Data'!D7="Low Head Room Rear Mount",0,"")) | D9: =IF(C7=1,"Front Mount = 1, Rear Mount = 0","") | K9: Side Room | N9: =IF(C14=0,'Sub-Routine for U.S.T. and misc'!C23,'Sub-Routine for U.S.T. and misc'!C25) -> 4.25 | U9: CL Shaft 2 (Tandem Shaft) Elev | V9: =V6+V8 -> 264 | X9: =INT(V9/12) -> 22 | Y9: =V9-X9*12 -> 0
C10: ='Input Data'!E17 -> 0 | D10: 1 Inside Pick Up, 0 Outside Pick Up, | K10: Center Post | N10: =IF(C14=0,'Sub-Routine for U.S.T. and misc'!C24,'Sub-Routine for U.S.T. and misc'!C26) -> 8.5 | U10: Tandem Shaft Headroom | V10: =N7+V8 -> 150 | W10: → | X10: =INT(V10/12) -> 12 | Y10: =V10-X10*12 -> 6
C11: =IF('Input Data'!D7='Data Tables'!T2,'Data Tables'!W2,IF('Input Data'!D7='Data Tables'!T3,'Data Tables'!W3,IF('Input Data'!D7='Data Tables'!T6,'Data Tables'!W6,IF('Input Data'!D7='Data Tables'!T4,'Data Tables'!W4,IF('Input Data'!D7='Data Tables'!T5,'Data Tables'!W5,"N/A"))))) -> N/A | D11: Radius (15 or 12 Degrees) | I11: Drum #: | J11: ='Sub Routine Drums'!U17 -> 10 | K11: Cable Length | N11: ='Input Data'!H9 -> 0.15625 | O11: =CONCATENATE("x 2 Pcs",IF(C6=1," S.S.","")) -> x 2 Pcs | P11: =IF(I6=0,C4+N6,I6)+'Cable Length'!G42+IF(AND(C7=1,C9=1),0,0)*(1-C10)+IF(AND(C7=1,C9=0),C4+15.5,0)+IF(AND(C7=3,I6=0),0,0)+IF('Input Data'!D13=3,'Input Data'!E25*10,'Input Data'!E25*4) -> 264 | U11: Floor to Ceiling (DH + HR) for Tandem | V11: =N7+C4+12 -> 270 | X11: =INT(V11/12) -> 22 | Y11: =(V11/12-X11)*12 -> 6
C12: 3 | D12: Pulley Diameter | G12: 10 | I12: Offset: | J12: =SUMIFS(M29:M40,K29:K40,J11) -> 5 | K12: in | M12: Diameter depend on drum & door weight
C13: 0 | D13: Pitch (Degrees) - (No additional calculations yet) | M13: If Powder Coated then Diam. = 5/32" SS
C14: 1 | D14: Mount Type (0 Angle, 1 Bracket)
C15: 1 | D15: Frame Type (0 Steel, 1 Wood)
C16: 0 | D16: Reinforced Horizontal Angle (1 Yes, 0 No) | M16: =CEILING(SQRT(POWER(C4+'Input Data'!D13,2)+POWER(C11+C12/2,2))+SQRT(POWER(C11+C12/2-'Input Data'!D10,2)+POWER(IF('Input Data'!D13=2,6.5,7.5),2))+PI()*'Sub Routine Drums'!S22*270/360+1,0.5) -> #VALUE! | N16: LHR Front Mount (New Formula)
C17: =IF(OR(J11=4,J11=8, J11=9,J11=12),1,0) -> 0 | D17: Angle offset for Large Drums (1 Yes, 0 No) | E17: (Yes when Drum is: D800-384, D800-120, Di350-336 or D6375-164) | M17: =CEILING(SQRT(POWER(C4+'Input Data'!D13,2)+POWER(C11+C12/2,2))+C4-C11+'Sub Routine Drums'!S22+PI()*'Sub Routine Drums'!S22*90/360+1,0.5) -> #VALUE! | N17: LHR Rear Mount (New Formula)
C18: Qty | D18: Track Components | E18: Length (in) | F18: Carriage Bolt | G18: Track Bolt | I18: FT | J18: IN | K18: Cut Vertical Angle from
C19: 2 | D19: =CONCATENATE("Track Vertical Section",IF(C6=1," - P. Coated","")) -> Track Vertical Section | E19: =IF(C7=0,C4-8,IF(C7=1,C4-15,IF(C7=2,C4-8, IF(C7=3,C4-IF(C4<=11*12,8,IF(C4<=18*12,11,13.5)),0)))) -> 112 | F19: =1*I19*12/24*C19 -> 9 | G19: =1*C19 -> 2 | I19: =INT(E19/12) -> 9 | J19: =(E19/12-I19)*12 -> 4
C20: =IF(OR(C7=2,C7=3),2,0) -> 2 | D20: =IF(OR(C7=2,C7=3),CONCATENATE("Track Vertical Extension",IF(C6=1," - P. Coated","")),"") -> Track Vertical Extension | E20: =IF(C7=2,C8-C11+8,IF(C7=3,C4*2+12+8-E19,0)) -> 148 | I20: =INT(E20/12) -> 12 | J20: =(E20/12-I20)*12 -> 4
C21: =IF(C14=0,2,0) -> 0 | D21: =IF(C14=0,"Vertical Angle Mounting","") | E21: =IF(C14=0,E19-11,0) -> 0 | I21: =IF(C14=0,INT(E21/12),0) -> 0 | J21: =ROUND((E21/12-I21)*12,0) -> 0 | K21: =IF(E21=0,0,IF(J21>1,EVEN(I21)+1,ODD(I21))) -> 0 | L21: =IF(E21=0,0,1) -> 0
C22: =IF(C7=3,0,2) -> 0 | D22: =IF(C7=3,"",CONCATENATE("Track Horizontal Section",IF(C6=1," - P. Coated",""))) | E22: =I22*12 -> 0 | I22: =IF(C7=3,0,IF(EVEN(IF(B4=0,A4-IF(I20>2,I20,0),A4+1-IF(I20>2,I20,0)))<8,8,EVEN(IF(B4=0,A4-IF(I20>2,I20,0),A4+1-IF(I20>2,I20,0))))) -> 0 | J22: 0 | K22: minus Ft of Extension if > 2' | N22: Minimum Length = 8 Ft
C23: =IF(C7=1,2,0) -> 0 | D23: =IF(C7=1,CONCATENATE("Low Head Room Track Horizontal Section",IF(C6=1," - P. Coated","")),"") | E23: =IF(C7=1,I22*12,0) -> 0 | F23: =4*E23/24*C23 -> 0 | G23: =2*C23 -> 0 | I23: =IF(C7=1,I22,0) -> 0 | J23: 0
C24: =C22-C23 -> 0 | D24: =IF(OR(C7=3,C7=1),"","Horizontal Angle Support") | E24: =IF(OR(C7=0,C7=2),E22+14,0) -> 0 | F24: =2*E22/24*C24 -> 0 | G24: =2*C24 -> 0 | I24: =IF(C7=3,0,I22+1) -> 0 | J24: =IF(C7=3,0,J22+2) -> 0
C25: =IF(C16=1,2,0) -> 0 | D25: =IF(C7=3,"",IF(C16=1,"Reincorced Horizontal Angle","")) | E25: =(E22+14-24)*C16 -> 0 | I25: =INT(E25/12) -> 0 | J25: =ROUND((E25/12-I25)*12,0) -> 0
C26: =IF($C$7=3,2,0) -> 2 | D26: =IF($C$7=3,"1-1/4 x 1-1/4 x 50.5'' Flag Angle","") -> 1-1/4 x 1-1/4 x 50.5'' Flag Angle | G26: =4*C26 -> 8
C27: =IF($C$7=3,2,0) -> 2 | D27: =IF($C$7=3,"1-1/4 x 1-1/4 x 14'' Top Angle","") -> 1-1/4 x 1-1/4 x 14'' Top Angle | F27: =1*C27 -> 2 | G27: =1*C27 -> 2
C28: =IF($C$7=3,2,0) -> 2 | D28: =IF($C$7=3,"1 Slot Splice Plate 11-1/4'' Long","") -> 1 Slot Splice Plate 11-1/4'' Long | G28: =1*C28 -> 2 | K28: # | L28: Drum | M28: Offset | N28: Cable Diam.
C29: =IF($C$7=3,2,0) -> 2 | D29: =IF($C$7=3,"1 Slot Splice Plate 9-1/4'' Long","") -> 1 Slot Splice Plate 9-1/4'' Long | G29: =1*C29 -> 2 | I29: =116-118.5 -> -2.5 | J29: Std. Lift | K29: 1 | L29: D400-96 | M29: 3.375 | N29: 0.125 | O29: 0.125
C30: =IF($C$7=3,IF(AND($C$4>0,$C$4<169),2,0),0) -> 2 | D30: =IF(C30=0,"",IF($C$7=3,"#12 Jamb Bracket","")) -> #12 Jamb Bracket | G30: =1*C30 -> 2 | I30: =140-142.5 -> -2.5 | K30: 2 | L30: D400-144 | M30: 3.375 | N30: 0.125 | O30: 0.15625
C31: =IF($C$7=3,IF(AND($C$4>0,$C$4<145),2,0),0) -> 2 | D31: =IF(C31=0,"",IF($C$7=3,"#18 Jamb Bracket","")) -> #18 Jamb Bracket | G31: =1*C31 -> 2 | I31: =120-120.5 -> -0.5 | K31: 3 | L31: D525-216 | M31: 4.375 | N31: 0.15625 | O31: 0.1875
C32: =IF($C$7=3,IF(AND($C$4>144,$C$4<169),2,0),0) -> 0 | D32: =IF(C32=0,"",IF($C$7=3,"#20 Jamb Bracket","")) | G32: =1*C32 -> 0 | I32: =268-269.5 -> -1.5 | K32: 4 | L32: D800-384 | M32: 5 | N32: 0.1875 | O32: 0.25
C33: =IF($C$7=3,IF(AND($C$4>96,$C$4<145),2,0),0) -> 2 | D33: =IF(C33=0,"",IF($C$7=3,"#25 Jamb Bracket","")) -> #25 Jamb Bracket | G33: =1*C33 -> 2 | J33: High Lift | K33: 5 | L33: D400-54 | M33: 4.375 | N33: 0.125 | O33: 0.15625
C34: =IF($C$7=3,IF(AND($C$4>144,$C$4<169),2,0),0) -> 0 | D34: =IF(C34=0,"",IF($C$7=3,"#28 Jamb Bracket","")) | G34: =1*C34 -> 0 | K34: 6 | L34: D525-54 | M34: 4.375 | N34: 0.15625 | O34: 0.1875
C35: =IF($C$7=3,IF(AND($C$4>120,$C$4<145),2,0),0) -> 0 | D35: =IF(C35=0,"",IF($C$7=3,"#30 Jamb Bracket","")) | G35: =1*C35 -> 0 | K35: 7 | L35: D575-120 | M35: 5 | N35: 0.15625 | O35: 0.1875
C36: =IF($C$7=3,IF(AND($C$4>144,$C$4<169),2,0),0) -> 0 | D36: =IF(C36=0,"",IF($C$7=3,"#32 Jamb Bracket","")) | G36: =1*C36 -> 0 | K36: 8 | L36: D6375-164 | M36: 6 | N36: 0.1875 | O36: 0.25
C37: =E23/24 -> 0 | D37: =IF(C37=0,"",IF(C5=2,CONCATENATE("2'' L.H.R. Splice Bracket",IF(C6=1," - P. Coated","")),CONCATENATE("3'' L.H.R. Splice Bracket",IF(C6=1," - P. Coated","")))) | K37: 9 | L37: D800-120 | M37: 6 | N37: 0.1875 | O37: 0.25
C38: =IF(C7=1,2,0) -> 0 | D38: =IF(C38=0,"",IF(C5=2,CONCATENATE("2'' Pulley Plate",IF(C6=1," - P. Coated","")),CONCATENATE("3'' Pulley Plate",IF(C6=1," - P. Coated","")))) | G38: =4*C38 -> 0 | J38: Vert. Lift | K38: 10 | L38: 850-132 | M38: 5 | N38: 0.15625 | O38: 0.1875
C39: =IF(C7=1,2*C10,0) -> 0 | D39: =IF(C39=0,"",IF(C5=2,"2'' Pulley","3'' Pulley")) | K39: 11 | L39: 1100-216 | M39: 6 | N39: 0.15625 | O39: 0.1875
C40: =IF(C7=1,2,0) -> 0 | D40: =IF(C40=0,"","1-1/2 x 1-1/2 x 18'' L.H.R. Angle Extension") | G40: =2*C40 -> 0 | K40: 12 | L40: 1350-336 | M40: 7 | N40: 0.1875 | O40: 0.25
C41: =IF(C7=1,0,2)+IF(C7=2,2,0) -> 2 | D41: =IF(C41=0,"",IF(C5=2,"2 Slot Splice Angle","3 Slot Splice Angle")) -> 3 Slot Splice Angle | G41: =2*C41 -> 4 | O41: When Double Enfd Hinges or Door Height > + 14 Ft ↑
C42: =IF(C7=3,2,0) -> 2 | D42: =IF(C7=3,CONCATENATE("Bearing Plate 4-3/8'' Offset",IF(C6=1," - P. Coated","")),"") -> Bearing Plate 4-3/8'' Offset | F42: =2*C42 -> 4
C43: =IF(($C$4+IF(C7=2,C8,0))>0,2,0)*$C$14 -> 2 | D43: =IF(C43=0,"","#5 Angle Bracket") -> #5 Angle Bracket | G43: =1*C43 -> 2
C44: =IF(($C$4+IF(C7=2,C8,0))>0,2,0)*$C$14 -> 2 | D44: =IF(C44=0,"","#6 Angle Bracket") -> #6 Angle Bracket | F44: =1*C44 -> 2
C45: =IF(($C$4+IF(C7=2,C8,0))>0,2,0)*$C$14 -> 2 | D45: =IF(C45=0,"","#7 Angle Bracket") -> #7 Angle Bracket | F45: =1*C45 -> 2
C46: =IF(($C$4+IF(C7=2,C8,0))>112,2,0)*$C$14+IF(C14=0,IF(124<C4,0,IF(($C$4+IF(C7=2,C8,0))>112,2,0)),0) -> 2 | D46: =IF(C46=0,"","#8 Angle Bracket") -> #8 Angle Bracket | F46: =1*C46 -> 2
C47: =(IF(($C$4+IF(C7=2,C8,0))>136,2,0)+IF(AND(($C$4+IF(C7=2,C8,0))>168,($C$4+IF(C7=2,C8,0))<193),2,0))*$C$14+IF(C14=0,IF(136<C4,0,(IF(($C$4+IF(C7=2,C8,0))>136,2,0)+IF(AND(($C$4+IF(C7=2,C8,0))>168,($C$4+IF(C7=2,C8,0))<193),2,0))),0) -> 0 | D47: =IF(C47=0,"","#10 Angle Bracket") | F47: =1*C47 -> 0
C48: =(IF(AND(($C$4+IF(C7=2,C8,0))>160,($C$4+IF(C7=2,C8,0))<169),2,0)+IF(AND(($C$4+IF(C7=2,C8,0))>184,($C$4+IF(C7=2,C8,0))<193),2,0)+IF(($C$4+IF(C7=2,C8,0))>192,2,0))*$C$14+IF(C14=0,IF(160<C4,0,(IF(AND(($C$4+IF(C7=2,C8,0))>160,($C$4+IF(C7=2,C8,0))<169),2,0)+IF(AND(($C$4+IF(C7=2,C8,0))>184,($C$4+IF(C7=2,C8,0))<193),2,0)+IF(($C$4+IF(C7=2,C8,0))>192,2,0))),0) -> 0 | D48: =IF(C48=0,"","#12 Angle Bracket") | F48: =1*C48 -> 0
C49: =(IF(($C$4+IF(C7=2,C8,0))>192,2,0)+IF(AND(($C$4+IF(C7=2,C8,0))>216,($C$4+IF(C7=2,C8,0))<241),2,0))*$C$14+IF(C14=0,IF(184<C4,0,(IF(($C$4+IF(C7=2,C8,0))>192,2,0)+IF(AND(($C$4+IF(C7=2,C8,0))>216,($C$4+IF(C7=2,C8,0))<241),2,0))),0) -> 0 | D49: =IF(C49=0,"","#14 Angle Bracket") | F49: =1*C49 -> 0
C50: =(IF(AND(($C$4+IF(C7=2,C8,0))>208,($C$4+IF(C7=2,C8,0))<217),2,0)+IF(AND(($C$4+IF(C7=2,C8,0))>232,($C$4+IF(C7=2,C8,0))<241),2,0)+IF(($C$4+IF(C7=2,C8,0))>240,2,0))*$C$14+IF(C14=0,IF(208<C4,0,(IF(AND(($C$4+IF(C7=2,C8,0))>208,($C$4+IF(C7=2,C8,0))<217),2,0)+IF(AND(($C$4+IF(C7=2,C8,0))>232,($C$4+IF(C7=2,C8,0))<241),2,0)+IF(($C$4+IF(C7=2,C8,0))>240,2,0))),0) -> 0 | D50: =IF(C50=0,"","#16 Angle Bracket") | F50: =1*C50 -> 0
C51: =IF(C17=1,2,0) -> 0 | D51: =IF(C17=1,"Angle offset for large Drums","") | G51: =IF(D51="","",7)
C52: =SUM(F19:F51) -> 21 | D52: =CONCATENATE("1/4 x 3/4'' Carriage Bolt",IF(C6=1," - Stainless","")) -> 1/4 x 3/4'' Carriage Bolt
C53: =SUM(G19:G51) -> 28 | D53: =CONCATENATE("1/4 x 3/4'' Track Bolt",IF(C6=1," - Stainless","")) -> 1/4 x 3/4'' Track Bolt
C54: =SUM(C52:C53) -> 49 | D54: =CONCATENATE("1/4'' Hex Washer Nut",IF(C6=1," - Stainless","")) -> 1/4'' Hex Washer Nut
B55: * | C55: =IF(C15=1,ROUNDDOWN((C4/24-1),0)*2+C40*3+C41*2+3*2+3*2+IF(C7=2,ROUND(C8/24-2,0),0))+IF(C7=3,ROUND((C4+18)/24,0)*2+3*2) -> 42 | D55: =IF(C55=0,"","5/16 x 1-5/8'' Washer Lag Screw") -> 5/16 x 1-5/8'' Washer Lag Screw | F55: Legend:
B56: ** | C56: =IF(C15=1,ROUNDDOWN((C3+C4)/12,0)+3,0) -> 21 | D56: =IF(C56=0,"","#14 x 1-1/4'' Washer Lag Screw") -> #14 x 1-1/4'' Washer Lag Screw | H56: Input Data
G57: xx | H57: Formula Cell
C58: =SUM(C41:C50)+4*3 -> 24 | H58: Not Apply
C59: =ROUNDDOWN(C4/12,0)*2+2+ROUNDDOWN(C3/12,0)+1 -> 31 | D59: (1 Horizontal + 2 Vertical)
B61: * | C61: Screws for head plate, center plate, jamb brackets, etc.
B62: ** | C62: Screws for weatherstrip
D67: Top offset at Vertical | E67: =SUMIFS(F76:F90,E76:E90,'Input Data'!D5) -> 2.625
D68: Incremente every 2 Ft | E68: 1
D69: Radius | E69: =IF('Input Data'!D7='Data Tables'!T3,12,IF('Input Data'!D7='Data Tables'!T2,15,IF('Input Data'!D7='Data Tables'!T4,15,IF('Input Data'!D7='Data Tables'!T5,15,IF('Input Data'!D7='Data Tables'!T6,15,0))))) -> 0
D70: Vertical Extension | E70: =E20 -> 148
D71: Total increment Offset at Top of Vertical | E71: =E70/24 -> 6.1666667
D72: Offset of Top of Extension = | E72: =E67+E71 -> 8.7916667 | F72: =E72 -> 8.7916667
D74: Start | E74: Door | F74: Top | G74: Top
D75: (Bottom) | E75: Height | F75: Offset | G75: Offset
E76: 7 | F76: 2.25 | G76: 2.25
D77: =IF(OR('Input Data'!D2="TX500",'Input Data'!D2="TX500-20"),1.875,IF('Input Data'!D13=2,1.375,1.625)) -> 1.625 | E77: 8 | F77: =IF(OR('Input Data'!D2="TX500",'Input Data'!D2="TX500-20"),2.625,2.375) -> 2.375 | G77: =F77 -> 2.375
E78: =E77+2 -> 10 | F78: =F77+0.25 -> 2.625 | G78: =F78 -> 2.625
E79: =E78+2 -> 12 | F79: =F78+0.25 -> 2.875 | G79: =F79 -> 2.875
E80: =E79+2 -> 14 | F80: =F79+0.25 -> 3.125 | G80: =F80 -> 3.125
E81: =E80+2 -> 16 | F81: =F80+0.25 -> 3.375 | G81: =F81 -> 3.375
E82: =E81+2 -> 18 | F82: =F81+0.25 -> 3.625 | G82: =F82 -> 3.625
E83: =E82+2 -> 20 | F83: =F82+0.25 -> 3.875 | G83: =F83 -> 3.875
E84: =E83+2 -> 22 | F84: =F83+0.25 -> 4.125 | G84: =F84 -> 4.125 | I84: `
E85: =E84+2 -> 24 | F85: =F84+0.25 -> 4.375 | G85: =F85 -> 4.375
E86: =E85+2 -> 26 | F86: =F85+0.25 -> 4.625 | G86: =F86 -> 4.625
E87: =E86+2 -> 28 | F87: =F86+0.25 -> 4.875 | G87: =F87 -> 4.875
E88: =E87+2 -> 30 | F88: =F87+0.25 -> 5.125 | G88: =F88 -> 5.125
E89: =E88+2 -> 32 | F89: =F88+0.25 -> 5.375 | G89: =F89 -> 5.375
E90: =E89+2 -> 34 | F90: =F89+0.25 -> 5.625 | G90: =F90 -> 5.625

Sheet Hardware Box
A1: Door hardware box list and Spring weight
A2: Customer | D2: Work Order | E2: Door
A3: Sample | D3: 9999 | E3: 1/1
B4: In Bag | C4: Installed | E4: ft | F4: in
A5: ='Track B.O.M.'!D52 -> 1/4 x 3/4'' Carriage Bolt | B5: ='Track B.O.M.'!$C$52-'Track B.O.M.'!$F$24 -> 21 | C5: ='Track B.O.M.'!$F$24 -> 0 | D5: Door Width | E5: ='Input Data'!D4 -> 8 | F5: ='Input Data'!E4 -> 0
A6: ='Track B.O.M.'!D53 -> 1/4 x 3/4'' Track Bolt | B6: ='Track B.O.M.'!C53 -> 28 | D6: Door Height | E6: ='Input Data'!D5 -> 10 | F6: ='Input Data'!E5 -> 0
A7: ='Track B.O.M.'!D54 -> 1/4'' Hex Washer Nut | B7: =SUM(B5:B6) -> 49 | C7: ='Track B.O.M.'!$F$24 -> 0 | D7: Track Size | F7: ='Input Data'!$D$13 -> 3
A8: ='Track B.O.M.'!D55 -> 5/16 x 1-5/8'' Washer Lag Screw | B8: ='Track B.O.M.'!C55 -> 42 | D8: Track Radius | E8: ='Input Data'!$D$7 -> Vertical Lift
A9: 5/16 x 3/4 Carriage Bolt | B9: 8 | D9: Hi Lift Length | E9: =IF('Input Data'!$D$7="High Lift", 'Input Data'!$D$8, "NA") -> NA
A10: Key Stock | B10: =2+'Input Data'!$D$14*2 -> 4
A11: Drums Model | B11: {='Input Data'!$D$9:$E$9} -> D850-132 | C11: 0 | D11: {='Input Data'!$L$4:$L$21} -> #1 Hinge | E11: {='Input Data'!$M$4:$M$21} -> 0
A12: ='Input Data'!$C$10 -> Offset | B12: {='Input Data'!$D$10:$E$10} -> 5" | C12: 0 | E12: 0
A13: Spring Plates | B13: See Spring Assembly | D13: #3 Hinge | E13: 0
D14: #4 Hinge | E14: 0
A15: # of Springs | D15: #5 Hinge | E15: 0
A16: Wire size | D16: #6 Hinge | E16: 0
A17: Spring ID | E17: 0
A18: Spring Length | E18: 0
A19: Number of turns | E19: 0
A20: # of Bearing Plates | E20: 0
A21: Coupler | E21: 0
A22: Shaft | E22: 0
E23: 0
A24: {='Input Data'!$H$30:$H$35} -> Strut Clip (Pcs) | B24: {='Input Data'!$I$30:$I$35} -> 3 | D24: 3'' Top Bracket | E24: 2
A25: Strut Clip (Pcs) | B25: 3 | D25: EZ123 Bottom Bracket | E25: 2
A26: Z Strut (Length) | B26: 8 | E26: 0
A27: Connector (Pcs) | B27: 0 | E27: 0
A28: Z Straps Bended(Pcs) | B28: 3 | E28: 0
A29: Z Straps Straight(Pcs) | D29: ='Input Data'!$L$22 -> 3'' S/S | E29: ='Input Data'!$M$22-(E25+E24) -> 8
D30: 3" L/S for SEC | E30: =IF('Input Data'!$M$21<1,4,0) -> 4
A31: ='Input Data'!$G$9 -> Cable Diam. & Length | B31: ='Input Data'!$H$9 -> 0.15625 | C31: ='Input Data'!$I$9 -> x 2 Pcs x | D31: ='Input Data'!$L$23 -> Step Kit | E31: ='Input Data'!$M$23 -> 1
A32: Cable length exact (in) | C32: ='Input Data'!$J$9 -> 264 | D32: ='Input Data'!$L$24 -> Tek Screws | E32: ='Input Data'!$M$24 -> 88
A33: Door Weight | D33: ='Input Data'!$L$25 -> Pull Rope #10 | E33: ='Input Data'!$M$25 -> 5
A34: ='Input Data'!$L$27 -> Steel | B34: ='Input Data'!$K$27 -> 193 | D34: Jamb Brackets & Spring Plates
A35: ='Input Data'!$L$28 -> Aluminum | B35: ='Input Data'!$K$28 -> 0 | D35: ='Track B.O.M.'!D43 -> #5 Angle Bracket | E35: ='Track B.O.M.'!C43 -> 2
A36: ='Input Data'!$L$29 -> Glazing | B36: ='Input Data'!$K$29 -> 0 | D36: ='Track B.O.M.'!D44 -> #6 Angle Bracket | E36: ='Track B.O.M.'!C44 -> 2
A37: ='Input Data'!$L$30 -> Hardware | B37: =('Input Data'!$K$30) -> 24 | D37: ='Track B.O.M.'!D45 -> #7 Angle Bracket | E37: ='Track B.O.M.'!C45 -> 2
A38: ='Input Data'!$L$32 -> 20ga Struts | B38: ='Input Data'!$K$32 -> 6 | D38: ='Track B.O.M.'!D46 -> #8 Angle Bracket | E38: ='Track B.O.M.'!C46 -> 2
A39: ='Input Data'!$L$33 -> 16ga Struts | B39: ='Input Data'!$K$33 -> 9 | D39: ='Track B.O.M.'!D47 | E39: ='Track B.O.M.'!C47 -> 0
A40: ='Input Data'!$L$36 -> 34"x16" Thermo Windows | B40: ='Input Data'!$K$36 -> 0 | D40: ='Track B.O.M.'!D48 | E40: ='Track B.O.M.'!C48 -> 0
A41: ='Input Data'!$L$37 -> 24"x12" Thermo Windows | B41: ='Input Data'!$K$37 -> 0 | D41: ='Track B.O.M.'!D49 | E41: ='Track B.O.M.'!C49 -> 0
A42: ='Input Data'!$L$38 -> 18"x8" Thermo Windows | B42: ='Input Data'!$K$38 -> 0 | D42: ='Track B.O.M.'!D50 | E42: ='Track B.O.M.'!C50 -> 0
A43: ='Input Data'!$L$39 -> Man Door | B43: ='Input Data'!$K$39 -> 0 | D43: ='Track B.O.M.'!$D$41 -> 3 Slot Splice Angle | E43: ='Track B.O.M.'!$C$41 -> 2
D44: Completed By
A45: Total Weight for spring | B45: =SUM(B34:B44)-B37 -> 208 | C45: LBS

Sheet Hardware Box Pricing Calculator
A1: Door hardware box list and Spring weight | D1: UPW | F1: LYNX | J1: UPW | L1: LYNX
A2: Customer | H2: Work Order | I2: Door
B4: In Bag | C4: Installed | I4: ft | J4: in
A5: 1/4 x 3/4'' Carriage Bolt | B5: ='Track B.O.M.'!$C$52-'Track B.O.M.'!$F$24 -> 21 | C5: ='Track B.O.M.'!$F$24 -> 0 | D5: 0.1 | E5: =SUM($B5:$C5)*D5 -> 2.1 | F5: 0.1 | G5: =SUM($B5:$C5)*F5 -> 2.1 | H5: Door Width | I5: ='[1]Hardware Box'!$E$5 -> 10 | J5: 0
A6: 1/4 x 3/4'' Track Bolt | B6: ='Track B.O.M.'!C53 -> 28 | D6: 0.1 | E6: =SUM($B6:$C6)*D6 -> 2.8 | F6: 0.1 | G6: =SUM($B6:$C6)*F6 -> 2.8 | H6: Door Height | I6: ='[1]Hardware Box'!$E$6 -> 10 | J6: 0
A7: 1/4'' Hex Washer Nut | B7: =SUM(B5:B6) -> 49 | C7: ='Track B.O.M.'!$F$24 -> 0 | D7: 0.1 | E7: =SUM($B7:$C7)*D7 -> 4.9 | F7: 0.1 | G7: =SUM($B7:$C7)*F7 -> 4.9 | H7: Track Size | J7: 3
A8: 5/16 x 1-5/8'' Washer Lag Screw | B8: ='Track B.O.M.'!C55 -> 42 | D8: 0.25 | E8: =SUM($B8:$C8)*D8 -> 10.5 | F8: 0.25 | G8: =SUM($B8:$C8)*F8 -> 10.5 | H8: Track Radius | I8: ='Input Data'!$D$7 -> Vertical Lift
A9: 5/16 x 3/4 Carriage Bolt | B9: 8 | D9: 0.1 | E9: =SUM($B9:$C9)*D9 -> 0.8 | F9: 0.1 | G9: =SUM($B9:$C9)*F9 -> 0.8 | H9: Hi Lift Length | I9: =IF('Input Data'!$D$7="High Lift", 'Input Data'!$D$8, "NA") -> NA
A10: Key Stock | B10: =2+'Input Data'!$D$14*2 -> 4 | D10: 0.31 | E10: =SUM($B10:$C10)*D10 -> 1.24 | F10: 0.25 | G10: =SUM($B10:$C10)*F10 -> 1
A11: Drums Model | B11: D525-216 | C11: 1 | D11: 29.11 | E11: =C11*D11 -> 29.11 | F11: 15.02 | G11: =C11*F11 -> 15.02 | H11: #1 Hinge | I11: ='[1]Hardware Box'!$E11 -> 4 | J11: 2.35 | K11: =I11*J11 -> 9.4 | L11: 1.26 | M11: =I11*L11 -> 5.04
A12: Centre Bearing Plate | B12: 4.375 | C12: 6 | D12: 8.85 | E12: =C12*D12 -> 53.1 | F12: 18.44 | G12: =C12*F12 -> 110.64 | I12: ='[1]Hardware Box'!$E12 -> 0 | J12: 2.72 | K12: =I12*J12 -> 0 | L12: 1.41 | M12: =I12*L12 -> 0
A13: End Bearing Plate | C13: 6 | D13: 8.85 | E13: =C13*D13 -> 53.1 | F13: 4.32 | G13: =C13*F13 -> 25.92 | H13: #3 Hinge | I13: ='[1]Hardware Box'!$E13 -> 2 | J13: 2.82 | K13: =I13*J13 -> 5.64 | L13: 1.46 | M13: =I13*L13 -> 2.92
A14: Shaft Coupler | D14: 17.47 | H14: #4 Hinge | I14: ='[1]Hardware Box'!$E14 -> 2 | J14: 2.9 | K14: =I14*J14 -> 5.8 | L14: 1.52 | M14: =I14*L14 -> 3.04
A15: # of springs | H15: #5 Hinge | I15: ='[1]Hardware Box'!$E15 -> 2 | J15: 3.04 | K15: =I15*J15 -> 6.08 | L15: 1.58 | M15: =I15*L15 -> 3.16
A16: Wire size | H16: #6 Hinge | I16: ='[1]Hardware Box'!$E16 -> 2 | J16: 3.24 | K16: =I16*J16 -> 6.48 | L16: 1.64 | M16: =I16*L16 -> 3.28
A17: Spring ID | H17: #7 Hinge | I17: ='[1]Hardware Box'!$E17 -> 0 | J17: 3.07 | K17: =I17*J17 -> 0 | L17: 1.7 | M17: =I17*L17 -> 0
A18: Spring Length | H18: #8 Hinge | I18: ='[1]Hardware Box'!$E18 -> 0 | J18: 3.82 | K18: =I18*J18 -> 0 | L18: 1.76 | M18: =I18*L18 -> 0
A19: Number of turns | H19: #9 Hinge | I19: ='[1]Hardware Box'!$E19 -> 0 | J19: 4.12 | K19: =I19*J19 -> 0 | L19: 1.82 | M19: =I19*L19 -> 0
A20: # of Bearing Plates | H20: #10 Hinge | I20: ='[1]Hardware Box'!$E20 -> 0 | J20: 4.44 | K20: =I20*J20 -> 0 | L20: 8.11 | M20: =I20*L20 -> 0
I21: ='[1]Hardware Box'!$E21 -> 0 | J21: 4.93 | K21: =I21*J21 -> 0 | L21: 8.7 | M21: =I21*L21 -> 0
I22: ='[1]Hardware Box'!$E22 -> 0 | J22: 4.68 | K22: =I22*J22 -> 0 | L22: 8.75 | M22: =I22*L22 -> 0
I23: ='[1]Hardware Box'!$E23 -> 0 | K23: =I23*J23 -> 0 | M23: =I23*L23 -> 0
A24: Strut Clip (Pcs) | H24: 3'' Top Bracket | I24: ='[1]Hardware Box'!$E24 -> 2 | J24: 3.05 | K24: =I24*J24 -> 6.1 | L24: 1.73 | M24: =I24*L24 -> 3.46
A25: Strut Clip (Pcs) | H25: EZ123 Bottom Bracket | I25: ='[1]Hardware Box'!$E25 -> 2 | J25: 18.6 | K25: =I25*J25 -> 37.2 | L25: 10.74 | M25: =I25*L25 -> 21.48
A26: Z Strut (Length) | I26: ='[1]Hardware Box'!$E26 -> 0 | K26: =I26*J26 -> 0 | M26: =I26*L26 -> 0
A27: Connector (Pcs) | I27: ='[1]Hardware Box'!$E27 -> 0 | K27: =I27*J27 -> 0 | M27: =I27*L27 -> 0
A28: Z Straps Bended(Pcs) | H28: 3" L/S | I28: ='[1]Hardware Box'!$E28 -> 0 | J28: 3.47 | K28: =I28*J28 -> 0 | L28: 2.04 | M28: =I28*L28 -> 0
A29: Z Straps Straight(Pcs) | H29: 3'' S/S | I29: ='[1]Hardware Box'!$E29 -> 8 | J29: 3.66 | K29: =I29*J29 -> 29.28 | L29: 1.82 | M29: =I29*L29 -> 14.56
H30: 3" L/S for SEC | I30: ='[1]Hardware Box'!$E30 -> 4 | J30: 3.47 | K30: =I30*J30 -> 13.88 | L30: 2.04 | M30: =I30*L30 -> 8.16
A31: Cable Diam. & Length | B31: 0.15625 | C31: x 2 Pcs x | H31: Step Kit | I31: ='[1]Hardware Box'!$E31 -> 1 | J31: 0.44 | K31: =I31*J31 -> 0.44 | L31: 0.44 | M31: =I31*L31 -> 0.44
A32: Cable length exact (in) | C32: 144 | H32: Tek Screws | I32: ='[1]Hardware Box'!$E32 -> 88 | J32: 0.1 | K32: =I32*J32 -> 8.8 | L32: 0.1 | M32: =I32*L32 -> 8.8
A33: Door Weight | H33: Pull Rope #10 | I33: ='[1]Hardware Box'!$E33 -> 5 | J33: 0.25 | K33: =I33*J33 -> 1.25 | L33: 0.25 | M33: =I33*L33 -> 1.25
A34: Steel | B34: 238 | H34: Jamb Brackets & Spring Plates | I34: ='[1]Hardware Box'!$E34 -> 0
A35: Aluminum | B35: 0 | H35: #5 Angle Bracket | I35: ='[1]Hardware Box'!$E35 -> 2 | J35: 1.76 | K35: =I35*J35 -> 3.52 | L35: 0.46 | M35: =I35*L35 -> 0.92
A36: Glazing | B36: 0 | H36: #6 Angle Bracket | I36: ='[1]Hardware Box'!$E36 -> 2 | J36: =360/200 -> 1.8 | K36: =I36*J36 -> 3.6 | L36: 0.49 | M36: =I36*L36 -> 0.98
A37: Hardware | B37: 22 | H37: #7 Angle Bracket | I37: ='[1]Hardware Box'!$E37 -> 2 | J37: =365.71/200 -> 1.82855 | K37: =I37*J37 -> 3.6571 | L37: 0.51 | M37: =I37*L37 -> 1.02
A38: 20ga Struts | B38: 0 | H38: #8 Angle Bracket | I38: ='[1]Hardware Box'!$E38 -> 2 | J38: 1.88 | K38: =I38*J38 -> 3.76 | L38: 0.53 | M38: =I38*L38 -> 1.06
A39: 16ga Struts | B39: 0 | I39: ='[1]Hardware Box'!$E39 -> 0 | J39: 1.93 | K39: =I39*J39 -> 0 | L39: 0.55 | M39: =I39*L39 -> 0
A40: 34"x16" Thermo Windows | B40: 0 | I40: ='[1]Hardware Box'!$E40 -> 0 | J40: 1.99 | K40: =I40*J40 -> 0 | L40: 0.57 | M40: =I40*L40 -> 0
A41: 24"x12" Thermo Windows | B41: 0 | I41: ='[1]Hardware Box'!$E41 -> 0 | J41: 3.13 | K41: =I41*J41 -> 0 | L41: 0.6 | M41: =I41*L41 -> 0
A42: 18"x8" Thermo Windows | B42: 0 | I42: ='[1]Hardware Box'!$E42 -> 0 | J42: 3.2 | K42: =I42*J42 -> 0 | L42: 0.65 | M42: =I42*L42 -> 0
A43: Man Door | B43: 0 | H43: 3 Slot Splice Angle | I43: ='[1]Hardware Box'!$E43 -> 2 | J43: 4.51 | K43: =I43*J43 -> 9.02 | L43: 0.7 | M43: =I43*L43 -> 1.4
H44: Completed By
A45: Total Weight for spring | B45: 238 | C45: LBS
I46: Total | K46: =SUM(K11:K43)+SUM(E5:E13) -> 311.5571 | M46: =SUM(M11:M43)+SUM(G5:G13) -> 254.65

Sheet High Lift
A1: High Lift Diagram
A2: Customer | D2: Work Order | E2: Door
A3: ='[1]Hardware Box'!A3 -> Sample | D3: ='[1]Hardware Box'!D3 -> 9999 | E3: ='[1]Hardware Box'!E3 -> 1/1
A5: Hilift | B5: ='Input Data'!$D$8 -> 45
A6: Door Height | B6: ='Input Data'!$D$5 -> 10 | C6: ='Input Data'!$E$5 -> 0 | E6: High Lift Jamb Brackets
A7: High Lift Bottom Offset | B7: ='Track B.O.M.'!$E$67 -> 2.625 | E7: # of Brackets | F7: =IF(ROUNDDOWN(1+B9/24,0)>2,ROUNDDOWN(1+B9/24,0),2) -> 7
A8: High Lift Top Offset | B8: ='Track B.O.M.'!$F$72 -> 8.7916667
A9: Track Length | B9: ='Track B.O.M.'!$E$70 -> 148 | E9: High Lift Bracket #'s | F9: Splice Plate
A10: Track Size | B10: ='[1]Hardware Box'!F7 -> 3
A11: Slotted Angle Length | B11: Distance from first High Lift Bracket to Last +15" | F11: =ROUNDDOWN(2.5+B7,0) -> 5
F12: =F11+1 -> 6
A13: Horizontal Angle Offset from Standard: | F13: =IF(F$7>2, F12+1,"") -> 7
A14: =B8-B7 -> 6.1666667 | F14: =IF(F$7>3, F13+1,"") -> 8

Sheet Spring Ass.Length
D2: Standard Lift
B3: Outer Spring | C3: Inner Spring | D3: Drum Size | E3: Max Door Height | F3: Width | G3: Max Weight per Drum | H3: Offset
A4: Coil | B4: 6 | C4: 3.75 | D4: D400-96 | E4: 96 | F4: 1.64 | G4: 265 | H4: 3-3/8" | L4: 6 | M4: 3.75
A5: Wire | B5: 0.343 | C5: 0.25 | D5: D400-144 | E5: 144 | F5: 2.63 | G5: 375 | H5: 3-3/8" | L5: 0.319 | M5: 0.25
A6: Spring Length | B6: 77 | C6: 34.5 | D6: D525-216 | E6: 216 | F6: 3.62 | G6: 750 | H6: 4-3/8" | L6: 37.5 | M6: 38.5
A7: Turns | B7: 14 | D7: D800-384 | E7: 384 | F7: 5.26 | G7: 1100 | H7: 5" * | L7: 14.7
A8: # of Springs | B8: 2 | L8: 2
A9: Space Between Springs | B9: 6
A10: Drum Width (Each) | B10: 4.29 | D10: High Lift
A11: Door width (W) | B11: 192 | D11: Drum Size | E11: Max High-Lift | F11: Width | G11: Max Weight per Drum | H11: Cable Capacity of Flat | I11: Max Door Height | J11: Offset
D12: D400-54 | E12: 54 | F12: 3.03 | G12: 275 | H12: 121 | I12: 174 | J12: 4-3/8"
A13: Assembly Length | B13: =(B5*B7+3+B6)*B8+(B8-1)*B9+B10*(2+'Input Data'!E18) -> 184.184 | D13: D525-54 | E13: 54 | F13: 3.66 | G13: 500 | H13: 179 | I13: 234 | J13: 4-3/8"
A14: Included the additional drum(s) width in spring assembly length calculation | D14: D575-120 | E14: 118 | F14: 3.71 | G14: 500 | H14: 145 | I14: 260 | J14: 5"
A15: Length available (W-6") | B15: =B11-6 -> 186 | C15: =IF(B13<B15,"Ok","Try again") -> Ok | D15: D6375-164 | E15: 164 | F15: 6.09 | G15: 800 | H15: 229 | I15: 393 | J15: 6" *
A16: Espace free per spring | B16: =(B11-B13)/B8 -> 3.908 | C16: =IF(B16<3,"Less than 3''","") | D16: D800-120 | E16: 119 | F16: 5.22 | G16: 1100 | H16: 266 | I16: 384 | J16: 6" *
H17: Hi-Lift = | I17: ='Input Data'!D8 -> 45
A18: Extended spring - 2 Rounds = | B18: =B6+B5*B7-2*B5 -> 81.116 | H18: Door Height = | I18: ='Input Data'!F5 -> 120
A19: Stationary + Winding Cones= | B19: 3 | H19: Cable Capacity of Flat | I19: =SUMIFS(H12:H16,D12:D16,'Input Data'!D9) -> 0
A20: Total extended spring length = | B20: =B18+B19 -> 84.116 | C20: each | H20: Door Height - High Lift < Capacity of Flat Portion = ? | I20: =IF((I18-I17)<I19,"Yes (Ok)","No") -> No
A22: =CONCATENATE("Total ",B8," Spring",IF(B8=1,"","(s)")," Weight") -> Total 2 Spring(s) Weight | B22: =H64 -> 282.7 | C22: Lbs | D22: Vertical Lift
B23: =B22/B8 -> 141.35 | D23: Drum Size | E23: Max Door Height | F23: Width | G23: Max Weight per Drum | H23: Offset
D24: D850-132 | E24: 132 | F24: 3.33 | G24: 425 | H24: 5"
A25: Spring full length | B25: 144 | D25: D1100-216 | E25: 216 | F25: 4.29 | G25: 660 | H25: 6"
A26: Spring cut length | B26: =B6 -> 77 | D26: D1350-336 | E26: 336 | F26: 6.75 | G26: 1100 | H26: 7" *
A27: Qty cuts per full length | B27: =ROUNDDOWN(B25/B26,0) -> 1 | D27: * Tracks Require Angle offset for large Drums
A28: Spring Length remaining | B28: =B25-B27*B26 -> 67
A29: Total springs required | B29: 8 | D29: Coil | E29: Wire | F29: Lbs/in | G29: 1 Spring Weight | H29: Total Spring Weight
A30: Total full length required | B30: =ROUNDUP(B29/B27,0) -> 8 | D30: 2 | E30: 0.218 | F30: 0.3389 | G30: =IF(AND(D30=$B$4,E30=$B$5),ROUND(F30*$B$6,2),IF(AND(D30=$C$4,E30=$C$5),ROUND(F30*$C$6,2),"")) | H30: =IF(G30="","",G30*$B$8)
D31: 2 | E31: 0.225 | F31: 0.3501 | G31: =IF(AND(D31=$B$4,E31=$B$5),ROUND(F31*$B$6,2),IF(AND(D31=$C$4,E31=$C$5),ROUND(F31*$C$6,2),"")) | H31: =IF(G31="","",G31*$B$8)
D32: 2 | E32: 0.234 | F32: 0.3657 | G32: =IF(AND(D32=$B$4,E32=$B$5),ROUND(F32*$B$6,2),IF(AND(D32=$C$4,E32=$C$5),ROUND(F32*$C$6,2),"")) | H32: =IF(G32="","",G32*$B$8)
A33: 1 spring length | B33: =B5*B7+B6+3 -> 84.802 | D33: 2 | E33: 0.243 | F33: 0.3818 | G33: =IF(AND(D33=$B$4,E33=$B$5),ROUND(F33*$B$6,2),IF(AND(D33=$C$4,E33=$C$5),ROUND(F33*$C$6,2),"")) | H33: =IF(G33="","",G33*$B$8)
D34: 2 | E34: 0.25 | F34: 0.3928 | G34: =IF(AND(D34=$B$4,E34=$B$5),ROUND(F34*$B$6,2),IF(AND(D34=$C$4,E34=$C$5),ROUND(F34*$C$6,2),"")) | H34: =IF(G34="","",G34*$B$8)
B35: =144/48.5 -> 2.9690722 | D35: 2 | E35: 0.262 | F35: 0.4147 | G35: =IF(AND(D35=$B$4,E35=$B$5),ROUND(F35*$B$6,2),IF(AND(D35=$C$4,E35=$C$5),ROUND(F35*$C$6,2),"")) | H35: =IF(G35="","",G35*$B$8)
B36: =144-2*48.5 -> 47 | D36: 2 | E36: 0.273 | F36: 0.4333 | G36: =IF(AND(D36=$B$4,E36=$B$5),ROUND(F36*$B$6,2),IF(AND(D36=$C$4,E36=$C$5),ROUND(F36*$C$6,2),"")) | H36: =IF(G36="","",G36*$B$8)
D37: 2 | E37: 0.283 | F37: 0.4512 | G37: =IF(AND(D37=$B$4,E37=$B$5),ROUND(F37*$B$6,2),IF(AND(D37=$C$4,E37=$C$5),ROUND(F37*$C$6,2),"")) | H37: =IF(G37="","",G37*$B$8)
D38: 2.625 | E38: 0.25 | F38: 0.5019 | G38: =IF(AND(D38=$B$4,E38=$B$5),ROUND(F38*$B$6,2),IF(AND(D38=$C$4,E38=$C$5),ROUND(F38*$C$6,2),"")) | H38: =IF(G38="","",G38*$B$8)
D39: 2.625 | E39: 0.262 | F39: 0.5293 | G39: =IF(AND(D39=$B$4,E39=$B$5),ROUND(F39*$B$6,2),IF(AND(D39=$C$4,E39=$C$5),ROUND(F39*$C$6,2),"")) | H39: =IF(G39="","",G39*$B$8)
D40: 2.625 | E40: 0.273 | F40: 0.5525 | G40: =IF(AND(D40=$B$4,E40=$B$5),ROUND(F40*$B$6,2),IF(AND(D40=$C$4,E40=$C$5),ROUND(F40*$C$6,2),"")) | H40: =IF(G40="","",G40*$B$8)
D41: 2.625 | E41: 0.283 | F41: 0.5747 | G41: =IF(AND(D41=$B$4,E41=$B$5),ROUND(F41*$B$6,2),IF(AND(D41=$C$4,E41=$C$5),ROUND(F41*$C$6,2),"")) | H41: =IF(G41="","",G41*$B$8)
D42: 2.625 | E42: 0.295 | F42: 0.6015 | G42: =IF(AND(D42=$B$4,E42=$B$5),ROUND(F42*$B$6,2),IF(AND(D42=$C$4,E42=$C$5),ROUND(F42*$C$6,2),"")) | H42: =IF(G42="","",G42*$B$8)
D43: 2.625 | E43: 0.312 | F43: 0.641 | G43: =IF(AND(D43=$B$4,E43=$B$5),ROUND(F43*$B$6,2),IF(AND(D43=$C$4,E43=$C$5),ROUND(F43*$C$6,2),"")) | H43: =IF(G43="","",G43*$B$8)
D44: 3.75 | E44: 0.25 | F44: 0.6983 | G44: =IF(AND(D44=$B$4,E44=$B$5),ROUND(F44*$B$6,2),IF(AND(D44=$C$4,E44=$C$5),ROUND(F44*$C$6,2),"")) -> 24.09 | H44: =IF(G44="","",G44*$B$8) -> 48.18
D45: 3.75 | E45: 0.262 | F45: 0.7355 | G45: =IF(AND(D45=$B$4,E45=$B$5),ROUND(F45*$B$6,2),IF(AND(D45=$C$4,E45=$C$5),ROUND(F45*$C$6,2),"")) | H45: =IF(G45="","",G45*$B$8)
D46: 3.75 | E46: 0.273 | F46: 0.7669 | G46: =IF(AND(D46=$B$4,E46=$B$5),ROUND(F46*$B$6,2),IF(AND(D46=$C$4,E46=$C$5),ROUND(F46*$C$6,2),"")) | H46: =IF(G46="","",G46*$B$8)
D47: 3.75 | E47: 0.283 | F47: 0.797 | G47: =IF(AND(D47=$B$4,E47=$B$5),ROUND(F47*$B$6,2),IF(AND(D47=$C$4,E47=$C$5),ROUND(F47*$C$6,2),"")) | H47: =IF(G47="","",G47*$B$8)
D48: 3.75 | E48: 0.295 | F48: 0.8333 | G48: =IF(AND(D48=$B$4,E48=$B$5),ROUND(F48*$B$6,2),IF(AND(D48=$C$4,E48=$C$5),ROUND(F48*$C$6,2),"")) | H48: =IF(G48="","",G48*$B$8)
... D63: 6 | E63: 0.437 | F63: 1.9667 | G63: =IF(AND(D63=$B$4,E63=$B$5),ROUND(F63*$B$6,2),IF(AND(D63=$C$4,E63=$C$5),ROUND(F63*$C$6,2),"")) | H63: =IF(G63="","",G63*$B$8)
D64: Total spring weight, Lbs | H64: =ROUND(SUM(H30:H63),2) -> 282.7

Sheet Sub Routine Drums
Q2: =660*2 -> 1320
B4: Track Size | C4: Drum Model | D4: Max Door Height (in) | E4: Drum Width (in) | F4: Drum Diam (in) | G4: Max Weight per Drum (lbs) | H4: Offset (in) | I4: Cable Diameter (in) 1 size below max | J4: Cable Diameter (in) | K4: Max High-Lift (in) | L4: Cable Capacity of Flat (in) | N4: Lift Type | O4: Track Size | P4: Max Door Height | Q4: Max Weight per Drum | R4: Max High-Lift | S4: Cable Capacity of Flat | T4: Drum Model | V4: Cable Diam Selected | X4: HMA | Y4: LMA | Z4: Radius | AA4: Std Lift Open Weight | AB4: LHR Open Weight | AC4: Pitch Track Open Weight
A5: Vertical Lift | C5: D850-132 | D5: 132 | E5: 3.33 | F5: 8.63 | G5: 425 | H5: 5" | I5: 0.15625 | J5: 0.1875 | N5: =IF(A5='Input Data'!$D$7,1,0) -> 1 | O5: 1 | P5: =IF(D5>='Input Data'!$F$5,1,0) -> 1 | Q5: =IF(G5*(2+'Input Data'!$E$18)>='Input Data'!K$40,1,0) -> 1 | T5: =N5*P5*Q5 -> 1 | U5: 10 | V5: =IF($S$17=C5,IF('Input Data'!$K$40<=(1+'Input Data'!$E$18/2)*SUMIFS('Sub Routine Drums'!$J$25:$J$28,'Sub Routine Drums'!$I$25:$I$28,I5),I5,IF('Input Data'!$K$40<=(1+'Input Data'!$E$18/2)*SUMIFS('Sub Routine Drums'!$J$25:$J$28,'Sub Routine Drums'!$I$25:$I$28,J5),J5,"DW > Cable Capacity")),"") -> 0.15625 | Y5: 1.344
A6: Vertical Lift | C6: D1100-216 | D6: 216 | E6: 4.29 | F6: 10.88 | G6: 660 | H6: 6" | I6: 0.15625 | J6: 0.1875 | N6: =IF(A6='Input Data'!$D$7,1,0) -> 1 | O6: 1 | P6: =IF(D6>='Input Data'!$F$5,1,0) -> 1 | Q6: =IF(G6*(2+'Input Data'!$E$18)>='Input Data'!K$40,1,0) -> 1 | T6: =N6*P6*Q6 -> 1 | U6: 11 | V6: =IF($S$17=C6,IF('Input Data'!$K$40<=(1+'Input Data'!$E$18/2)*SUMIFS('Sub Routine Drums'!$J$25:$J$28,'Sub Routine Drums'!$I$25:$I$28,I6),I6,IF('Input Data'!$K$40<=(1+'Input Data'!$E$18/2)*SUMIFS('Sub Routine Drums'!$J$25:$J$28,'Sub Routine Drums'!$I$25:$I$28,J6),J6,"DW > Cable Capacity")),"") | Y6: 1.344
A7: Vertical Lift | C7: D1350-336 | D7: 336 | E7: 6.75 | F7: 13.45 | G7: 1100 | H7: 7" | I7: 0.1875 | J7: 0.25 | N7: =IF(A7='Input Data'!$D$7,1,0) -> 1 | O7: 1 | P7: =IF(D7>='Input Data'!$F$5,1,0) -> 1 | Q7: =IF(G7*(2+'Input Data'!$E$18)>='Input Data'!K$40,1,0) -> 1 | T7: =N7*P7*Q7 -> 1 | U7: 12 | V7: =IF($S$17=C7,IF('Input Data'!$K$40<=(1+'Input Data'!$E$18/2)*SUMIFS('Sub Routine Drums'!$J$25:$J$28,'Sub Routine Drums'!$I$25:$I$28,I7),I7,IF('Input Data'!$K$40<=(1+'Input Data'!$E$18/2)*SUMIFS('Sub Routine Drums'!$J$25:$J$28,'Sub Routine Drums'!$I$25:$I$28,J7),J7,"DW > Cable Capacity")),"") | Y7: 1.375
A8: Standard Lift | B8: 2 | C8: D400-96 | D8: 96 | E8: 1.64 | F8: 4.79 | G8: 265 | H8: =3+3/8 -> 3.375 | I8: 0.125 | J8: 0.125 | N8: =IF(OR('Input Data'!$D$7="Standard Lift 15'' Radius", 'Input Data'!$D$7="Standard Lift 12'' Radius",'Input Data'!$D$7="Low Head Room Front Mount",'Input Data'!$D$7="Low Head Room Rear Mount"),1,0) -> 0 | O8: =IF(B8='Input Data'!$D$13,1,0) -> 0 | P8: =IF(D8>='Input Data'!$F$5,1,0) -> 0 | Q8: =IF(G8*(2+'Input Data'!$E$18)>='Input Data'!K$40,1,0) -> 1 | T8: =N8*O8*P8*Q8 -> 0 | U8: 1 | V8: =IF($S$17=C8,IF('Input Data'!$K$40<=(1+'Input Data'!$E$18/2)*SUMIFS('Sub Routine Drums'!$J$25:$J$28,'Sub Routine Drums'!$I$25:$I$28,I8),I8,IF('Input Data'!$K$40<=(1+'Input Data'!$E$18/2)*SUMIFS('Sub Routine Drums'!$J$25:$J$28,'Sub Routine Drums'!$I$25:$I$28,J8),J8,"DW > Cable Capacity")),"") | X8: 2.275 | Y8: 2.063 | Z8: =IF('Input Data'!$D$7="Standard Lift 15'' Radius",15,IF('Input Data'!$D$7="Standard Lift 12'' Radius",12,IF('Input Data'!$D$7="Low Head Room",12,0))) -> 0 | AA8: =(Z8+2)/'Input Data'!$F$5*'Input Data'!$K$40 -> 4.2833333 | AB8: =9/'Input Data'!$F$5*'Input Data'!$K$40 -> 19.275 | AC8: =(17+('Input Data'!$F$5-17)*SIN('Track B.O.M.'!$C$13*PI()/180))/'Input Data'!$F$5*'Input Data'!$K$40 -> 36.408333
A9: Standard Lift | B9: 2 | C9: D400-144 | D9: 144 | E9: 2.63 | F9: 4.99 | G9: 375 | H9: =3+3/8 -> 3.375 | I9: 0.125 | J9: 0.15625 | N9: =IF(OR('Input Data'!$D$7="Standard Lift 15'' Radius", 'Input Data'!$D$7="Standard Lift 12'' Radius",'Input Data'!$D$7="Low Head Room Front Mount",'Input Data'!$D$7="Low Head Room Rear Mount"),1,0) -> 0 | O9: =IF(B9='Input Data'!$D$13,1,0) -> 0 | P9: =IF(D9>='Input Data'!$F$5,1,0) -> 1 | Q9: =IF(G9*(2+'Input Data'!$E$18)>='Input Data'!K$40,1,0) -> 1 | T9: =N9*O9*P9*Q9 -> 0 | U9: 2 | V9: =IF($S$17=C9,IF('Input Data'!$K$40<=(1+'Input Data'!$E$18/2)*SUMIFS('Sub Routine Drums'!$J$25:$J$28,'Sub Routine Drums'!$I$25:$I$28,I9),I9,IF('Input Data'!$K$40<=(1+'Input Data'!$E$18/2)*SUMIFS('Sub Routine Drums'!$J$25:$J$28,'Sub Routine Drums'!$I$25:$I$28,J9),J9,"DW > Cable Capacity")),"") | X9: 2.293 | Y9: 2.078 | Z9: =IF('Input Data'!$D$7="Standard Lift 15'' Radius",15,IF('Input Data'!$D$7="Standard Lift 12'' Radius",12,IF('Input Data'!$D$7="Low Head Room",12,0))) -> 0 | AA9: =(Z9+2)/'Input Data'!$F$5*'Input Data'!$K$40 -> 4.2833333 | AB9: =9/'Input Data'!$F$5*'Input Data'!$K$40 -> 19.275 | AC9: =(17+('Input Data'!$F$5-17)*SIN('Track B.O.M.'!$C$13*PI()/180))/'Input Data'!$F$5*'Input Data'!$K$40 -> 36.408333
A10: Standard Lift | B10: 3 | C10: D525-216 | D10: 216 | E10: 3.62 | F10: 6 | G10: 750 | H10: =4+3/8 -> 4.375 | I10: 0.15625 | J10: 0.1875 | N10: =IF(OR('Input Data'!$D$7="Standard Lift 15'' Radius", 'Input Data'!$D$7="Standard Lift 12'' Radius",'Input Data'!$D$7="Low Head Room Front Mount",'Input Data'!$D$7="Low Head Room Rear Mount"),1,0) -> 0 | P10: =IF(D10>='Input Data'!$F$5,1,0) -> 1 | Q10: =IF(G10*(2+'Input Data'!$E$18)>='Input Data'!K$40,1,0) -> 1 | T10: =N10*P10*Q10 -> 0 | U10: 3 | V10: =IF($S$17=C10,IF('Input Data'!$K$40<=(1+'Input Data'!$E$18/2)*SUMIFS('Sub Routine Drums'!$J$25:$J$28,'Sub Routine Drums'!$I$25:$I$28,I10),I10,IF('Input Data'!$K$40<=(1+'Input Data'!$E$18/2)*SUMIFS('Sub Routine Drums'!$J$25:$J$28,'Sub Routine Drums'!$I$25:$I$28,J10),J10,"DW > Cable Capacity")),"") | X10: 2.936 | Y10: 2.719 | Z10: =IF('Input Data'!$D$7="Standard Lift 15'' Radius",15,IF('Input Data'!$D$7="Standard Lift 12'' Radius",12,IF('Input Data'!$D$7="Low Head Room",12,0))) -> 0 | AA10: =(Z10+2)/'Input Data'!$F$5*'Input Data'!$K$40 -> 4.2833333 | AB10: =9/'Input Data'!$F$5*'Input Data'!$K$40 -> 19.275 | AC10: =(17+('Input Data'!$F$5-17)*SIN('Track B.O.M.'!$C$13*PI()/180))/'Input Data'!$F$5*'Input Data'!$K$40 -> 36.408333
A11: Standard Lift | B11: 3 | C11: D800-384 | D11: 384 | E11: 5.26 | F11: 9 | G11: 1100 | H11: 5" | I11: 0.1875 | J11: 0.25 | N11: =IF(OR('Input Data'!$D$7="Standard Lift 15'' Radius", 'Input Data'!$D$7="Standard Lift 12'' Radius",'Input Data'!$D$7="Low Head Room Front Mount",'Input Data'!$D$7="Low Head Room Rear Mount"),1,0) -> 0 | P11: =IF(D11>='Input Data'!$F$5,1,0) -> 1 | Q11: =IF(G11*(2+'Input Data'!$E$18)>='Input Data'!K$40,1,0) -> 1 | T11: =N11*P11*Q11 -> 0 | U11: 4 | V11: =IF($S$17=C11,IF('Input Data'!$K$40<=(1+'Input Data'!$E$18/2)*SUMIFS('Sub Routine Drums'!$J$25:$J$28,'Sub Routine Drums'!$I$25:$I$28,I11),I11,IF('Input Data'!$K$40<=(1+'Input Data'!$E$18/2)*SUMIFS('Sub Routine Drums'!$J$25:$J$28,'Sub Routine Drums'!$I$25:$I$28,J11),J11,"DW > Cable Capacity")),"") | X11: 4.313 | Y11: 4.125 | Z11: =IF('Input Data'!$D$7="Standard Lift 15'' Radius",15,IF('Input Data'!$D$7="Standard Lift 12'' Radius",12,IF('Input Data'!$D$7="Low Head Room",12,0))) -> 0 | AA11: =(Z11+2)/'Input Data'!$F$5*'Input Data'!$K$40 -> 4.2833333 | AB11: =9/'Input Data'!$F$5*'Input Data'!$K$40 -> 19.275 | AC11: =(17+('Input Data'!$F$5-17)*SIN('Track B.O.M.'!$C$13*PI()/180))/'Input Data'!$F$5*'Input Data'!$K$40 -> 36.408333
A12: High Lift | B12: 2 | C12: D400-54 | D12: 174 | E12: 3.03 | F12: 5.98 | G12: 275 | H12: =4+3/8 -> 4.375 | I12: 0.125 | J12: 0.15625 | K12: 54 | L12: 121 | N12: =IF(A12='Input Data'!$D$7,1,0) -> 0 | O12: =IF(B12='Input Data'!$D$13,1,0) -> 0 | P12: =IF(D12>='Input Data'!$F$5,1,0) -> 1 | Q12: =IF(G12*(2+'Input Data'!$E$18)>='Input Data'!K$40,1,0) -> 1 | R12: =IF(K12>='Input Data'!$D$8,1,0) -> 1 | S12: =IF('Input Data'!$F$5-'Input Data'!$D$8<='Sub Routine Drums'!L12,1,0) -> 1 | T12: =N12*O12*P12*Q12*R12*S12 -> 0 | U12: 5 | V12: =IF($S$17=C12,IF('Input Data'!$K$40<=(1+'Input Data'!$E$18/2)*SUMIFS('Sub Routine Drums'!$J$25:$J$28,'Sub Routine Drums'!$I$25:$I$28,I12),I12,IF('Input Data'!$K$40<=(1+'Input Data'!$E$18/2)*SUMIFS('Sub Routine Drums'!$J$25:$J$28,'Sub Routine Drums'!$I$25:$I$28,J12),J12,"DW > Cable Capacity")),"") | Y12: 2.078 | Z12: =IF('Input Data'!$D$7="High Lift",15,IF('Input Data'!$D$7="High Lift'' Radius",12,0)) -> 0 | AC12: =(17+('Input Data'!$F$5-17)*SIN('Track B.O.M.'!$C$13*PI()/180))/'Input Data'!$F$5*'Input Data'!$K$40 -> 36.408333
A13: High Lift | B13: 3 | C13: D525-54 | D13: 234 | E13: 3.66 | F13: 7.5 | G13: 500 | H13: =4+3/8 -> 4.375 | I13: 0.15625 | J13: 0.1875 | K13: 54 | L13: 179 | N13: =IF(A13='Input Data'!$D$7,1,0) -> 0 | P13: =IF(D13>='Input Data'!$F$5,1,0) -> 1 | Q13: =IF(G13*(2+'Input Data'!$E$18)>='Input Data'!K$40,1,0) -> 1 | R13: =IF(K13>='Input Data'!$D$8,1,0) -> 1 | S13: =IF('Input Data'!$F$5-'Input Data'!$D$8<='Sub Routine Drums'!L13,1,0) -> 1 | T13: =N13*P13*Q13*R13*S13 -> 0 | U13: 6 | V13: =IF($S$17=C13,IF('Input Data'!$K$40<=(1+'Input Data'!$E$18/2)*SUMIFS('Sub Routine Drums'!$J$25:$J$28,'Sub Routine Drums'!$I$25:$I$28,I13),I13,IF('Input Data'!$K$40<=(1+'Input Data'!$E$18/2)*SUMIFS('Sub Routine Drums'!$J$25:$J$28,'Sub Routine Drums'!$I$25:$I$28,J13),J13,"DW > Cable Capacity")),"") | Y13: 2.719 | Z13: =IF('Input Data'!$D$7="High Lift",15,IF('Input Data'!$D$7="High Lift'' Radius",12,0)) -> 0 | AC13: =(17+('Input Data'!$F$5-17)*SIN('Track B.O.M.'!$C$13*PI()/180))/'Input Data'!$F$5*'Input Data'!$K$40 -> 36.408333
A14: High Lift | B14: 3 | C14: D575-120 | D14: 260 | E14: 3.71 | F14: 9.38 | G14: 500 | H14: 5" | I14: 0.15625 | J14: 0.1875 | K14: 120 | L14: 145 | N14: =IF(A14='Input Data'!$D$7,1,0) -> 0 | P14: =IF(D14>='Input Data'!$F$5,1,0) -> 1 | Q14: =IF(G14*(2+'Input Data'!$E$18)>='Input Data'!K$40,1,0) -> 1 | R14: =IF(K14>='Input Data'!$D$8,1,0) -> 1 | S14: =IF('Input Data'!$F$5-'Input Data'!$D$8<='Sub Routine Drums'!L14,1,0) -> 1 | T14: =N14*P14*Q14*R14*S14 -> 0 | U14: 7 | V14: =IF($S$17=C14,IF('Input Data'!$K$40<=(1+'Input Data'!$E$18/2)*SUMIFS('Sub Routine Drums'!$J$25:$J$28,'Sub Routine Drums'!$I$25:$I$28,I14),I14,IF('Input Data'!$K$40<=(1+'Input Data'!$E$18/2)*SUMIFS('Sub Routine Drums'!$J$25:$J$28,'Sub Routine Drums'!$I$25:$I$28,J14),J14,"DW > Cable Capacity")),"") | Y14: 2.969 | Z14: =IF('Input Data'!$D$7="High Lift",15,IF('Input Data'!$D$7="High Lift'' Radius",12,0)) -> 0 | AC14: =(17+('Input Data'!$F$5-17)*SIN('Track B.O.M.'!$C$13*PI()/180))/'Input Data'!$F$5*'Input Data'!$K$40 -> 36.408333
A15: High Lift | B15: 3 | C15: D6375-164 | D15: 393 | E15: 6.09 | F15: 11 | G15: 800 | H15: 6" | I15: 0.1875 | J15: 0.25 | K15: 164 | L15: 229 | N15: =IF(A15='Input Data'!$D$7,1,0) -> 0 | O15: =IF(B15='Input Data'!$D$13,1,0) -> 1 | P15: =IF(D15>='Input Data'!$F$5,1,0) -> 1 | Q15: =IF(G15*(2+'Input Data'!$E$18)>='Input Data'!K$40,1,0) -> 1 | R15: =IF(K15>='Input Data'!$D$8,1,0) -> 1 | S15: =IF('Input Data'!$F$5-'Input Data'!$D$8<='Sub Routine Drums'!L15,1,0) -> 1 | T15: =N15*O15*P15*Q15*R15*S15 -> 0 | U15: 8 | V15: =IF($S$17=C15,IF('Input Data'!$K$40<=(1+'Input Data'!$E$18/2)*SUMIFS('Sub Routine Drums'!$J$25:$J$28,'Sub Routine Drums'!$I$25:$I$28,I15),I15,IF('Input Data'!$K$40<=(1+'Input Data'!$E$18/2)*SUMIFS('Sub Routine Drums'!$J$25:$J$28,'Sub Routine Drums'!$I$25:$I$28,J15),J15,"DW > Cable Capacity")),"") | Y15: 3.313 | Z15: =IF('Input Data'!$D$7="High Lift",15,IF('Input Data'!$D$7="High Lift'' Radius",12,0)) -> 0 | AC15: =(17+('Input Data'!$F$5-17)*SIN('Track B.O.M.'!$C$13*PI()/180))/'Input Data'!$F$5*'Input Data'!$K$40 -> 36.408333
A16: High Lift | B16: 3 | C16: D800-120 | D16: 384 | E16: 5.22 | F16: 11.19 | G16: 1100 | H16: 6" | I16: 0.1875 | J16: 0.25 | K16: 120 | L16: 266 | N16: =IF(A16='Input Data'!$D$7,1,0) -> 0 | O16: =IF(B16='Input Data'!$D$13,1,0) -> 1 | P16: =IF(D16>='Input Data'!$F$5,1,0) -> 1 | Q16: =IF(G16*(2+'Input Data'!$E$18)>='Input Data'!K$40,1,0) -> 1 | R16: =IF(K16>='Input Data'!$D$8,1,0) -> 1 | S16: =IF('Input Data'!$F$5-'Input Data'!$D$8<='Sub Routine Drums'!L16,1,0) -> 1 | T16: =N16*O16*P16*Q16*R16*S16 -> 0 | U16: 9 | V16: =IF($S$17=C16,IF('Input Data'!$K$40<=(1+'Input Data'!$E$18/2)*SUMIFS('Sub Routine Drums'!$J$25:$J$28,'Sub Routine Drums'!$I$25:$I$28,I16),I16,IF('Input Data'!$K$40<=(1+'Input Data'!$E$18/2)*SUMIFS('Sub Routine Drums'!$J$25:$J$28,'Sub Routine Drums'!$I$25:$I$28,J16),J16,"DW > Cable Capacity")),"") | Y16: 4.125 | Z16: =IF('Input Data'!$D$7="High Lift",15,IF('Input Data'!$D$7="High Lift'' Radius",12,0)) -> 0 | AC16: =(17+('Input Data'!$F$5-17)*SIN('Track B.O.M.'!$C$13*PI()/180))/'Input Data'!$F$5*'Input Data'!$K$40 -> 36.408333
K17: =192-12 -> 180 | R17: Drum Model: | S17: =IF(T5=1,C5,IF(T6=1,C6,IF(T7=1,C7,IF(T8=1,C8,IF(T9=1,C9,IF(T10=1,C10,IF(T11=1,C11,IF(T12=1,C12,IF(T13=1,C13,IF(T14=1,C14,IF(T15=1,C15,IF(T16=1,C16,"Error")))))))))))) -> D850-132 | U17: =IF(S17=C5,U5,IF(S17=C6,U6,IF(S17=C7,U7,IF(S17=C8,U8,IF(S17=C9,U9,IF(S17=C10,U10,IF(S17=C11,U11,IF(S17=C12,U12,IF(S17=C13,U13,IF(S17=C14,U14,IF(S17=C15,U15,IF(S17=C16,U16,"Error")))))))))))) -> 10
R18: Cable Diameter: | S18: =IF(AND('Input Data'!K9="Stainless",'Input Data'!D13=2,'Input Data'!D9='Sub Routine Drums'!C8),"Over Cap",IF(AND('Input Data'!K9="Stainless",'Input Data'!K40<='Sub Routine Drums'!J26,S17<>C8),5/32,IF(AND('Input Data'!K9="Stainless",'Input Data'!K40>'Sub Routine Drums'!J26),"Over Cap",IF(AND('Input Data'!D13=2,'Input Data'!F5<14*12+0),1/8,IF(AND('Input Data'!F4<=17*12+2,'Input Data'!F5<14*12+0,'Input Data'!K40<=J26*(1+'Input Data'!E18/2)),I26,IF('Input Data'!K40<='Sub Routine Drums'!J27*(1+'Input Data'!E18/2),I27,IF('Input Data'!K40<='Sub Routine Drums'!J28*(1+'Input Data'!E18/2),I28,"Over Cap"))))))) -> 0.15625 | V18: =IF(AND('Input Data'!K9="SS Yes",'Input Data'!K40<='Sub Routine Drums'!J26),5/32,IF(AND('Input Data'!K9="SS Yes",'Input Data'!K40>'Sub Routine Drums'!J26),"Over Cap",SUM(V5:V16))) -> 0.15625
O19: Not Apply | R19: Offset: | S19: =IF(S17=C5,H5,IF(S17=C6,H6,IF(S17=C7,H7,IF(S17=C8,H8,IF(S17=C9,H9,IF(S17=C10,H10,IF(S17=C11,H11,IF(S17=C12,H12,IF(S17=C13,H13,IF(S17=C14,H14,IF(S17=C15,H15,IF(S17=C16,H16,"Error")))))))))))) -> 5"
Q20: =IF(OR(S17=C7,S17=C11,S17=C15,S17=C16),A21,"")
A21: * Track requires Angle offset for large Drums | Q21: Drum Width: | S21: =SUMIFS(E5:E16,U5:U16,U17) -> 3.33
I22: Cable Diam | J22: Max Weight, Lbs (Pair) | Q22: Drum Diam: | S22: =SUMIFS(F5:F16,U5:U16,U17) -> 8.63
Q23: If SS Cable and Door Weight <= 1120, then 5/32", else Order 3/16" SS cable
Q24: If 2" Track and Door Weight <= 800, then 1/8", else if drum = 400-96, then error, else 5/32"
I25: 0.125 | J25: 800 | Q25: If 3" Track and Door Width <16'-3" and Door Height < 14'-0" and Door Weight <= 1120, then 5/32"
I26: 0.15625 | J26: 1120 | Q26: If 3" Track and Door Width >=16'-3" or Door Height >= 14'-0" or Door Weight < 1680, then 3/16"
I27: 0.1875 | J27: 1680
I28: 0.25 | J28: 2800 | R28: =8.63+5.5 -> 14.13
I29: If Stainless Steel Cable, cable diam = 5/32"
A30: D850-132 | B30: 0.125 | C30: 0.15625 | D30: 0.1875

Sheet Drum Tables
D1: Height | E1: H.Lift | G1: Radius | H1: Multiplier | I1: Turns | J1: Pitch Factor
A2: Drum | D2: =INT(D3/6)*6 -> 120 | E2: =E3 -> 0 | H2: =SUMIFS(H10:H16998,A10:A16998,A3,D10:D16998,D2,E10:E16998,E2,G10:G16998,G3) -> 0.375 | I2: =SUMIFS(I10:I16998,A10:A16998,A3,D10:D16998,D2,E10:E16998,E2,G10:G16998,G3) -> 10.7 | J2: =SUMIFS(J10:J16998,A10:A16998,A3,D10:D16998,D2,E10:E16998,E2,G10:G16998,G3) -> 0
A3: ='Input Data'!$D$9 -> D850-132 | D3: ='Input Data'!$F$5 -> 120 | E3: =IF('Input Data'!$D$7="High Lift",'Input Data'!$D$8,0) -> 0 | G3: =IF('Input Data'!$D$7='Data Tables'!$T$2,'Data Tables'!$W$2,(IF('Input Data'!$D$7='Data Tables'!$T$3,'Data Tables'!$W$3,IF('Input Data'!$D$7='Data Tables'!$T$4,"LHR",IF('Input Data'!$D$7='Data Tables'!$T$5,"LHR",IF('Input Data'!$D$7='Data Tables'!$T$6,'Data Tables'!$W$6,"N/A")))))) -> N/A | H3: =IF(SUMIFS(H10:H16998,A10:A16998,A3,D10:D16998,D3,E10:E16998,E3,G10:G16998,G3)=0,H2+(D3-D2)*(H4-H2)/(D4-D2),SUMIFS(H10:H16998,A10:A16998,A3,D10:D16998,D3,E10:E16998,E3,G10:G16998,G3)) -> 0.375 | I3: =IF(SUMIFS(I10:I16998,A10:A16998,A3,D10:D16998,D3,E10:E16998,E3,G10:G16998,G3)=0,I2+(D3-D2)*(I4-I2)/(D4-D2),SUMIFS(I10:I16998,A10:A16998,A3,D10:D16998,D3,E10:E16998,E3,G10:G16998,G3)) -> 10.7 | J3: =IF(SUMIFS(J10:J16998,A10:A16998,A3,D10:D16998,D3,E10:E16998,E3,G10:G16998,G3)=0,J2+(D3-D2)*(J4-J2)/(D4-D2),SUMIFS(J10:J16998,A10:A16998,A3,D10:D16998,D3,E10:E16998,E3,G10:G16998,G3)) -> 0
D4: =D2+6 -> 126 | E4: =E3 -> 0 | H4: =SUMIFS(H12:H16998,A12:A16998,A3,D12:D16998,D4,E12:E16998,E4,G12:G16998,G3) -> 0.375 | I4: =SUMIFS(I10:I16998,A10:A16998,A3,D10:D16998,D4,E10:E16998,E4,G10:G16998,G3) -> 10.9 | J4: =SUMIFS(J10:J16998,A10:A16998,A3,D10:D16998,D4,E10:E16998,E4,G10:G16998,G3) -> 0
H6: =H3 -> 0.375
H7: 0.315345 | I7: =(H6-H7)/H6 -> 0.15908
A9: Drum | B9: Height (Ft) | C9: Height (in) | D9: Height (In) | E9: High Lift | F9: H.M.A | G9: Radius | H9: Multi (In/Turns) | I9: Turns on Spring | J9: Pitch Factor | L9: =SUM(L10:L16998) -> -47.752377
A10: D400-96 | B10: =INT(D10/12) -> 2 | C10: =D10-B10*12 -> 0 | D10: 24 | E10: 0 | F10: 2.275 | G10: 12 | H10: 0.578655 | I10: 3.9 | J10: 0 | K10: =F10/H10 -> 3.9315309 | L10: =K10-I10 -> 0.031530878
A11: D400-96 | B11: =INT(D11/12) -> 2 | C11: =D11-B11*12 -> 1 | D11: =D10+1 -> 25 | E11: 0 | F11: 2.275 | G11: 12 | H11: 0.580463 | I11: 3.9 | J11: 0 | K11: =F11/H11 -> 3.9192851 | L11: =K11-I11 -> 0.019285122
A12: D400-96 | B12: =INT(D12/12) -> 2 | C12: =D12-B12*12 -> 2 | D12: =D11+1 -> 26 | E12: 0 | F12: 2.275 | G12: 12 | H12: 0.580286 | I12: 3.9 | J12: 0 | K12: =F12/H12 -> 3.9204806 | L12: =K12-I12 -> 0.020480591
A13: D400-96 | B13: =INT(D13/12) -> 2 | C13: =D13-B13*12 -> 3 | D13: =D12+1 -> 27 | E13: 0 | F13: 2.275 | G13: 12 | H13: 0.578542 | I13: 3.9 | J13: 0 | K13: =F13/H13 -> 3.9322988 | L13: =K13-I13 -> 0.032298779
A14: D400-96 | B14: =INT(D14/12) -> 2 | C14: =D14-B14*12 -> 4 | D14: =D13+1 -> 28 | E14: 0 | F14: 2.275 | G14: 12 | H14: 0.575563 | I14: 4 | J14: 0 | K14: =F14/H14 -> 3.9526516 | L14: =K14-I14 -> -0.047348422
A15: D400-96 | B15: =INT(D15/12) -> 2 | C15: =D15-B15*12 -> 5 | D15: =D14+1 -> 29 | E15: 0 | F15: 2.275 | G15: 12 | H15: 0.571612 | I15: 4 | J15: 0 | K15: =F15/H15 -> 3.9799724 | L15: =K15-I15 -> -0.020027571
A16: D400-96 | B16: =INT(D16/12) -> 2 | C16: =D16-B16*12 -> 6 | D16: =D15+1 -> 30 | E16: 0 | F16: 2.275 | G16: 12 | H16: 0.566899 | I16: 4 | J16: 0 | K16: =F16/H16 -> 4.0130605 | L16: =K16-I16 -> 0.013060528
A17: D400-96 | B17: =INT(D17/12) -> 2 | C17: =D17-B17*12 -> 7 | D17: =D16+1 -> 31 | E17: 0 | F17: 2.275 | G17: 12 | H17: 0.561596 | I17: 4.1 | J17: 0 | K17: =F17/H17 -> 4.0509548 | L17: =K17-I17 -> -0.049045221
A18: D400-96 | B18: =INT(D18/12) -> 2 | C18: =D18-B18*12 -> 8 | D18: =D17+1 -> 32 | E18: 0 | F18: 2.275 | G18: 12 | H18: 0.555837 | I18: 4.1 | J18: 0 | K18: =F18/H18 -> 4.0929265 | L18: =K18-I18 -> -0.0070734766
A19: D400-96 | B19: =INT(D19/12) -> 2 | C19: =D19-B19*12 -> 9 | D19: =D18+1 -> 33 | E19: 0 | F19: 2.275 | G19: 12 | H19: 0.549735 | I19: 4.1 | J19: 0 | K19: =F19/H19 -> 4.1383576 | L19: =K19-I19 -> 0.038357572
A20: D400-96 | B20: =INT(D20/12) -> 2 | C20: =D20-B20*12 -> 10 | D20: =D19+1 -> 34 | E20: 0 | F20: 2.275 | G20: 12 | H20: 0.543378 | I20: 4.2 | J20: 0 | K20: =F20/H20 -> 4.1867724 | L20: =K20-I20 -> -0.013227624
A21: D400-96 | B21: =INT(D21/12) -> 2 | C21: =D21-B21*12 -> 11 | D21: =D20+1 -> 35 | E21: 0 | F21: 2.275 | G21: 12 | H21: 0.53684 | I21: 4.2 | J21: 0 | K21: =F21/H21 -> 4.2377617 | L21: =K21-I21 -> 0.037761717
A22: D400-96 | B22: =INT(D22/12) -> 3 | C22: =D22-B22*12 -> 0 | D22: =D21+1 -> 36 | E22: 0 | F22: 2.275 | G22: 12 | H22: 0.53018 | I22: 4.3 | J22: 0 | K22: =F22/H22 -> 4.2909955 | L22: =K22-I22 -> -0.009004489
... A82: D400-96 | B82: =INT(D82/12) -> 8 | C82: =D82-B82*12 -> 0 | D82: =D81+1 -> 96 | E82: 0 | F82: 2.275 | G82: 12 | H82: 0.26651 | I82: 8.5 | J82: 0 | K82: =F82/H82 -> 8.5362651 | L82: =K82-I82 -> 0.036265056
A83: D400-96 | B83: =INT(D83/12) -> 2 | C83: =D83-B83*12 -> 0 | D83: 24 | E83: 0 | F83: 2.275 | G83: 15 | H83: 0.439403 | I83: 5.2 | J83: =$J$131-($H$131-H83)*($J$134-$J$131)/($H$134-$H$131) -> 0.38264183 | K83: =F83/H83 -> 5.1774794 | L83: =K83-I83 -> -0.022520556
A84: D400-96 | B84: =INT(D84/12) -> 2 | C84: =D84-B84*12 -> 1 | D84: =D83+1 -> 25 | E84: 0 | F84: 2.275 | G84: 15 | H84: 0.452128 | I84: 5 | J84: =$J$131-($H$131-H84)*($J$134-$J$131)/($H$134-$H$131) -> 0.39334973 | K84: =F84/H84 -> 5.0317609 | L84: =K84-I84 -> 0.031760917
A85: D400-96 | B85: =INT(D85/12) -> 2 | C85: =D85-B85*12 -> 2 | D85: =D84+1 -> 26 | E85: 0 | F85: 2.275 | G85: 15 | H85: 0.461633 | I85: 4.9 | J85: =$J$131-($H$131-H85)*($J$134-$J$131)/($H$134-$H$131) -> 0.40134805 | K85: =F85/H85 -> 4.9281572 | L85: =K85-I85 -> 0.028157216
A86: D400-96 | B86: =INT(D86/12) -> 2 | C86: =D86-B86*12 -> 3 | D86: =D85+1 -> 27 | E86: 0 | F86: 2.275 | G86: 15 | H86: 0.468516 | I86: 4.9 | J86: =$J$131-($H$131-H86)*($J$134-$J$131)/($H$134-$H$131) -> 0.40713999 | K86: =F86/H86 -> 4.8557573 | L86: =K86-I86 -> -0.044242673
A87: D400-96 | B87: =INT(D87/12) -> 2 | C87: =D87-B87*12 -> 4 | D87: =D86+1 -> 28 | E87: 0 | F87: 2.275 | G87: 15 | H87: 0.473255 | I87: 4.8 | J87: =$J$131-($H$131-H87)*($J$134-$J$131)/($H$134-$H$131) -> 0.41112779 | K87: =F87/H87 -> 4.8071336 | L87: =K87-I87 -> 0.0071335749
A88: D400-96 | B88: =INT(D88/12) -> 2 | C88: =D88-B88*12 -> 5 | D88: =D87+1 -> 29 | E88: 0 | F88: 2.275 | G88: 15 | H88: 0.476238 | I88: 4.8 | J88: =$J$131-($H$131-H88)*($J$134-$J$131)/($H$134-$H$131) -> 0.41363794 | K88: =F88/H88 -> 4.7770233 | L88: =K88-I88 -> -0.022976747
A89: D400-96 | B89: =INT(D89/12) -> 2 | C89: =D89-B89*12 -> 6 | D89: =D88+1 -> 30 | E89: 0 | F89: 2.275 | G89: 15 | H89: 0.477778 | I89: 4.8 | J89: =$J$131-($H$131-H89)*($J$134-$J$131)/($H$134-$H$131) -> 0.41493383 | K89: =F89/H89 -> 4.7616257 | L89: =K89-I89 -> -0.038374308
A90: D400-96 | B90: =INT(D90/12) -> 2 | C90: =D90-B90*12 -> 7 | D90: =D89+1 -> 31 | E90: 0 | F90: 2.275 | G90: 15 | H90: 0.478131 | I90: 4.8 | J90: =$J$131-($H$131-H90)*($J$134-$J$131)/($H$134-$H$131) -> 0.41523087 | K90: =F90/H90 -> 4.7581102 | L90: =K90-I90 -> -0.041889775
A91: D400-96 | B91: =INT(D91/12) -> 2 | C91: =D91-B91*12 -> 8 | D91: =D90+1 -> 32 | E91: 0 | F91: 2.275 | G91: 15 | H91: 0.477508 | I91: 4.8 | J91: =$J$131-($H$131-H91)*($J$134-$J$131)/($H$134-$H$131) -> 0.41470663 | K91: =F91/H91 -> 4.7643181 | L91: =K91-I91 -> -0.035681915
A92: D400-96 | B92: =INT(D92/12) -> 2 | C92: =D92-B92*12 -> 9 | D92: =D91+1 -> 33 | E92: 0 | F92: 2.275 | G92: 15 | H92: 0.476081 | I92: 4.8 | J92: =$J$131-($H$131-H92)*($J$134-$J$131)/($H$134-$H$131) -> 0.41350583 | K92: =F92/H92 -> 4.7785986 | L92: =K92-I92 -> -0.0214014
A93: D400-96 | B93: =INT(D93/12) -> 2 | C93: =D93-B93*12 -> 10 | D93: =D92+1 -> 34 | E93: 0 | F93: 2.275 | G93: 15 | H93: 0.473993 | I93: 4.8 | J93: =$J$131-($H$131-H93)*($J$134-$J$131)/($H$134-$H$131) -> 0.41174881 | K93: =F93/H93 -> 4.7996489 | L93: =K93-I93 -> -0.00035106004
A94: D400-96 | B94: =INT(D94/12) -> 2 | C94: =D94-B94*12 -> 11 | D94: =D93+1 -> 35 | E94: 0 | F94: 2.275 | G94: 15 | H94: 0.471363 | I94: 4.8 | J94: =$J$131-($H$131-H94)*($J$134-$J$131)/($H$134-$H$131) -> 0.4095357 | K94: =F94/H94 -> 4.8264289 | L94: =K94-I94 -> 0.026428888
A95: D400-96 | B95: =INT(D95/12) -> 3 | C95: =D95-B95*12 -> 0 | D95: =D94+1 -> 36 | E95: 0 | F95: 2.275 | G95: 15 | H95: 0.46829 | I95: 4.9 | J95: =$J$131-($H$131-H95)*($J$134-$J$131)/($H$134-$H$131) -> 0.40694982 | K95: =F95/H95 -> 4.8581007 | L95: =K95-I95 -> -0.04189925
... A130: D400-96 | B130: =INT(D130/12) -> 5 | C130: =D130-B130*12 -> 11 | D130: =D129+1 -> 71 | E130: 0 | F130: 2.275 | G130: 15 | H130: 0.325103 | I130: 7 | J130: =$J$131-($H$131-H130)*($J$134-$J$131)/($H$134-$H$131) -> 0.28646007 | K130: =F130/H130 -> 6.9977822 | L130: =K130-I130 -> -0.0022177587
A131: D400-96 | B131: =INT(D131/12) -> 6 | C131: =D131-B131*12 -> 0 | D131: =D130+1 -> 72 | E131: 0 | F131: 2.275 | G131: 15 | H131: 0.321823 | I131: 7.1 | J131: 0.2837 | K131: =F131/H131 -> 7.0691032 | L131: =K131-I131 -> -0.030896797
A132: D400-96 | B132: =INT(D132/12) -> 6 | C132: =D132-B132*12 -> 1 | D132: =D131+1 -> 73 | E132: 0 | F132: 2.275 | G132: 15 | H132: 0.318599 | I132: 7.1 | J132: =(H132-H131)*(J134-J131)/(H134-H131)+J131 -> 0.28098705 | K132: =F132/H132 -> 7.1406376 | L132: =K132-I132 -> 0.040637604
A133: D400-96 | B133: =INT(D133/12) -> 6 | C133: =D133-B133*12 -> 2 | D133: =D132+1 -> 74 | E133: 0 | F133: 2.275 | G133: 15 | H133: 0.31543 | I133: 7.2 | J133: =(H133-H131)*(J134-J131)/(H134-H131)+J131 -> 0.27832038 | K133: =F133/H133 -> 7.2123768 | L133: =K133-I133 -> 0.012376756
A134: D400-96 | B134: =INT(D134/12) -> 6 | C134: =D134-B134*12 -> 3 | D134: =D133+1 -> 75 | E134: 0 | F134: 2.275 | G134: 15 | H134: 0.312316 | I134: 7.3 | J134: 0.2757 | K134: =F134/H134 -> 7.284289 | L134: =K134-I134 -> -0.015711011
A135: D400-96 | B135: =INT(D135/12) -> 6 | C135: =D135-B135*12 -> 4 | D135: =D134+1 -> 76 | E135: 0 | F135: 2.275 | G135: 15 | H135: 0.309256 | I135: 7.4 | J135: =(H135-H134)*(J137-J134)/(H137-H134)+J134 -> 0.27312259 | K135: =F135/H135 -> 7.356365 | L135: =K135-I135 -> -0.043635047
A136: D400-96 | B136: =INT(D136/12) -> 6 | C136: =D136-B136*12 -> 5 | D136: =D135+1 -> 77 | E136: 0 | F136: 2.275 | G136: 15 | H136: 0.306249 | I136: 7.4 | J136: =(H136-H134)*(J137-J134)/(H137-H134)+J134 -> 0.27058981 | K136: =F136/H136 -> 7.4285957 | L136: =K136-I136 -> 0.028595685
A137: D400-96 | B137: =INT(D137/12) -> 6 | C137: =D137-B137*12 -> 6 | D137: =D136+1 -> 78 | E137: 0 | F137: 2.275 | G137: 15 | H137: 0.303293 | I137: 7.5 | J137: 0.2681 | K137: =F137/H137 -> 7.5009974 | L137: =K137-I137 -> 0.00099738537
A138: D400-96 | B138: =INT(D138/12) -> 6 | C138: =D138-B138*12 -> 7 | D138: =D137+1 -> 79 | E138: 0 | F138: 2.275 | G138: 15 | H138: 0.300387 | I138: 7.6 | J138: =(H138-H137)*(J140-J137)/(H140-H137)+J137 -> 0.26562436 | K138: =F138/H138 -> 7.5735634 | L138: =K138-I138 -> -0.026436563
A139: D400-96 | B139: =INT(D139/12) -> 6 | C139: =D139-B139*12 -> 8 | D139: =D138+1 -> 80 | E139: 0 | F139: 2.275 | G139: 15 | H139: 0.297531 | I139: 7.6 | J139: =(H139-H137)*(J140-J137)/(H140-H137)+J137 -> 0.26319131 | K139: =F139/H139 -> 7.6462621 | L139: =K139-I139 -> 0.04626207
A140: D400-96 | B140: =INT(D140/12) -> 6 | C140: =D140-B140*12 -> 9 | D140: =D139+1 -> 81 | E140: 0 | F140: 2.275 | G140: 15 | H140: 0.294724 | I140: 7.7 | J140: 0.2608 | K140: =F140/H140 -> 7.7190863 | L140: =K140-I140 -> 0.019086332
A141: D400-96 | B141: =INT(D141/12) -> 6 | C141: =D141-B141*12 -> 10 | D141: =D140+1 -> 82 | E141: 0 | F141: 2.275 | G141: 15 | H141: 0.291964 | I141: 7.8 | J141: =(H141-H140)*(J143-J140)/(H143-H140)+J140 -> 0.25846044 | K141: =F141/H141 -> 7.7920566 | L141: =K141-I141 -> -0.0079434451
A142: D400-96 | B142: =INT(D142/12) -> 6 | C142: =D142-B142*12 -> 11 | D142: =D141+1 -> 83 | E142: 0 | F142: 2.275 | G142: 15 | H142: 0.289251 | I142: 7.9 | J142: =(H142-H140)*(J143-J140)/(H143-H140)+J140 -> 0.25616072 | K142: =F142/H142 -> 7.8651413 | L142: =K142-I142 -> -0.034858652
A143: D400-96 | B143: =INT(D143/12) -> 7 | C143: =D143-B143*12 -> 0 | D143: =D142+1 -> 84 | E143: 0 | F143: 2.275 | G143: 15 | H143: 0.286584 | I143: 7.9 | J143: 0.2539 | K143: =F143/H143 -> 7.9383357 | L143: =K143-I143 -> 0.038335706
A144: D400-96 | B144: =INT(D144/12) -> 7 | C144: =D144-B144*12 -> 1 | D144: =D143+1 -> 85 | E144: 0 | F144: 2.275 | G144: 15 | H144: 0.283961 | I144: 8 | J144: =(H144-H143)*(J146-J143)/(H146-H143)+J143 -> 0.25166276 | K144: =F144/H144 -> 8.0116636 | L144: =K144-I144 -> 0.011663574
A145: D400-96 | B145: =INT(D145/12) -> 7 | C145: =D145-B145*12 -> 2 | D145: =D144+1 -> 86 | E145: 0 | F145: 2.275 | G145: 15 | H145: 0.281382 | I145: 8.1 | J145: =(H145-H143)*(J146-J143)/(H146-H143)+J143 -> 0.24946304 | K145: =F145/H145 -> 8.0850943 | L145: =K145-I145 -> -0.014905715
A146: D400-96 | B146: =INT(D146/12) -> 7 | C146: =D146-B146*12 -> 3 | D146: =D145+1 -> 87 | E146: 0 | F146: 2.275 | G146: 15 | H146: 0.278846 | I146: 8.2 | J146: 0.2473 | K146: =F146/H146 -> 8.1586252 | L146: =K146-I146 -> -0.041374809
A147: D400-96 | B147: =INT(D147/12) -> 7 | C147: =D147-B147*12 -> 4 | D147: =D146+1 -> 88 | E147: 0 | F147: 2.275 | G147: 15 | H147: 0.276352 | I147: 8.2 | J147: =(H147-H146)*(J149-J146)/(H149-H146)+J146 -> 0.24516519 | K147: =F147/H147 -> 8.2322545 | L147: =K147-I147 -> 0.032254516
A148: D400-96 | B148: =INT(D148/12) -> 7 | C148: =D148-B148*12 -> 5 | D148: =D147+1 -> 89 | E148: 0 | F148: 2.275 | G148: 15 | H148: 0.273899 | I148: 8.3 | J148: =(H148-H146)*(J149-J146)/(H149-H146)+J146 -> 0.24306548 | K148: =F148/H148 -> 8.3059814 | L148: =K148-I148 -> 0.0059814019
A149: D400-96 | B149: =INT(D149/12) -> 7 | C149: =D149-B149*12 -> 6 | D149: =D148+1 -> 90 | E149: 0 | F149: 2.275 | G149: 15 | H149: 0.271486 | I149: 8.4 | J149: 0.241 | K149: =F149/H149 -> 8.379806 | L149: =K149-I149 -> -0.020194043
A150: D400-96 | B150: =INT(D150/12) -> 7 | C150: =D150-B150*12 -> 7 | D150: =D149+1 -> 91 | E150: 0 | F150: 2.275 | G150: 15 | H150: 0.269113 | I150: 8.5 | J150: =(H150-H149)*(J152-J149)/(H152-H149)+J149 -> 0.23896774 | K150: =F150/H150 -> 8.4536979 | L150: =K150-I150 -> -0.046302111
A151: D400-96 | B151: =INT(D151/12) -> 7 | C151: =D151-B151*12 -> 8 | D151: =D150+1 -> 92 | E151: 0 | F151: 2.275 | G151: 15 | H151: 0.266778 | I151: 8.5 | J151: =(H151-H149)*(J152-J149)/(H152-H149)+J149 -> 0.23696803 | K151: =F151/H151 -> 8.5276897 | L151: =K151-I151 -> 0.02768969
A152: D400-96 | B152: =INT(D152/12) -> 7 | C152: =D152-B152*12 -> 9 | D152: =D151+1 -> 93 | E152: 0 | F152: 2.275 | G152: 15 | H152: 0.26448 | I152: 8.6 | J152: 0.235 | K152: =F152/H152 -> 8.6017846 | L152: =K152-I152 -> 0.001784634
A153: D400-96 | B153: =INT(D153/12) -> 7 | C153: =D153-B153*12 -> 10 | D153: =D152+1 -> 94 | E153: 0 | F153: 2.275 | G153: 15 | H153: 0.26222 | I153: 8.7 | J153: =(H153-H152)*(J155-J152)/(H155-H152)+J152 -> 0.23303596 | K153: =F153/H153 -> 8.675921 | L153: =K153-I153 -> -0.024079018
A154: D400-96 | B154: =INT(D154/12) -> 7 | C154: =D154-B154*12 -> 11 | D154: =D153+1 -> 95 | E154: 0 | F154: 2.275 | G154: 15 | H154: 0.259996 | I154: 8.8 | J154: =(H154-H152)*(J155-J152)/(H155-H152)+J152 -> 0.23110321 | K154: =F154/H154 -> 8.7501346 | L154: =K154-I154 -> -0.049865383
A155: D400-96 | B155: =INT(D155/12) -> 8 | C155: =D155-B155*12 -> 0 | D155: =D154+1 -> 96 | E155: 0 | F155: 2.275 | G155: 15 | H155: 0.257806 | I155: 8.8 | J155: 0.2292 | K155: =F155/H155 -> 8.8244649 | L155: =K155-I155 -> 0.024464908
A156: D400-96 | B156: =INT(D156/12) -> 2 | C156: =D156-B156*12 -> 0 | D156: 24 | E156: 0 | F156: 2.275 | G156: LHR | H156: 0.810743 | I156: 2.8 | J156: 0 | K156: =F156/H156 -> 2.806068 | L156: =K156-I156 -> 0.0060680142
A157: D400-96 | B157: =INT(D157/12) -> 2 | C157: =D157-B157*12 -> 1 | D157: =D156+1 -> 25 | E157: 0 | F157: 2.275 | G157: LHR | H157: 0.794355 | I157: 2.9 | J157: 0 | K157: =F157/H157 -> 2.8639588 | L157: =K157-I157 -> -0.036041191
A158: D400-96 | B158: =INT(D158/12) -> 2 | C158: =D158-B158*12 -> 2 | D158: =D157+1 -> 26 | E158: 0 | F158: 2.275 | G158: LHR | H158: 0.778041 | I158: 2.9 | J158: 0 | K158: =F158/H158 -> 2.9240104 | L158: =K158-I158 -> 0.024010431
A159: D400-96 | B159: =INT(D159/12) -> 2 | C159: =D159-B159*12 -> 3 | D159: =D158+1 -> 27 | E159: 0 | F159: 2.275 | G159: LHR | H159: 0.76192 | I159: 3 | J159: 0 | K159: =F159/H159 -> 2.9858778 | L159: =K159-I159 -> -0.014122218
A160: D400-96 | B160: =INT(D160/12) -> 2 | C160: =D160-B160*12 -> 4 | D160: =D159+1 -> 28 | E160: 0 | F160: 2.275 | G160: LHR | H160: 0.746076 | I160: 3 | J160: 0 | K160: =F160/H160 -> 3.0492872 | L160: =K160-I160 -> 0.049287204
A161: D400-96 | B161: =INT(D161/12) -> 2 | C161: =D161-B161*12 -> 5 | D161: =D160+1 -> 29 | E161: 0 | F161: 2.275 | G161: LHR | H161: 0.730568 | I161: 3.1 | J161: 0 | K161: =F161/H161 -> 3.1140154 | L161: =K161-I161 -> 0.014015396
A162: D400-96 | B162: =INT(D162/12) -> 2 | C162: =D162-B162*12 -> 6 | D162: =D161+1 -> 30 | E162: 0 | F162: 2.275 | G162: LHR | H162: 0.715435 | I162: 3.2 | J162: 0 | K162: =F162/H162 -> 3.1798836 | L162: =K162-I162 -> -0.020116433
A163: D400-96 | B163: =INT(D163/12) -> 2 | C163: =D163-B163*12 -> 7 | D163: =D162+1 -> 31 | E163: 0 | F163: 2.275 | G163: LHR | H163: 0.700703 | I163: 3.2 | J163: 0 | K163: =F163/H163 -> 3.2467393 | L163: =K163-I163 -> 0.046739346
A164: D400-96 | B164: =INT(D164/12) -> 2 | C164: =D164-B164*12 -> 8 | D164: =D163+1 -> 32 | E164: 0 | F164: 2.275 | G164: LHR | H164: 0.686386 | I164: 3.3 | J164: 0 | K164: =F164/H164 -> 3.3144615 | L164: =K164-I164 -> 0.014461542
A165: D400-96 | B165: =INT(D165/12) -> 2 | C165: =D165-B165*12 -> 9 | D165: =D164+1 -> 33 | E165: 0 | F165: 2.275 | G165: LHR | H165: 0.672492 | I165: 3.4 | J165: 0 | K165: =F165/H165 -> 3.3829399 | L165: =K165-I165 -> -0.017060129
A166: D400-96 | B166: =INT(D166/12) -> 2 | C166: =D166-B166*12 -> 10 | D166: =D165+1 -> 34 | E166: 0 | F166: 2.275 | G166: LHR | H166: 0.65902 | I166: 3.5 | J166: 0 | K166: =F166/H166 -> 3.4520955 | L166: =K166-I166 -> -0.047904464
A167: D400-96 | B167: =INT(D167/12) -> 2 | C167: =D167-B167*12 -> 11 | D167: =D166+1 -> 35 | E167: 0 | F167: 2.275 | G167: LHR | H167: 0.645969 | I167: 3.5 | J167: 0 | K167: =F167/H167 -> 3.5218408 | L167: =K167-I167 -> 0.021840831
A168: D400-96 | B168: =INT(D168/12) -> 3 | C168: =D168-B168*12 -> 0 | D168: =D167+1 -> 36 | E168: 0 | F168: 2.275 | G168: LHR | H168: 0.63333 | I168: 3.6 | J168: 0 | K168: =F168/H168 -> 3.5921242 | L168: =K168-I168 -> -0.0078758309
... A228: D400-96 | B228: =INT(D228/12) -> 8 | C228: =D228-B228*12 -> 0 | D228: =D227+1 -> 96 | E228: 0 | F228: 2.275 | G228: LHR | H228: 0.281015 | I228: 8.1 | J228: 0 | K228: =F228/H228 -> 8.0956533 | L228: =K228-I228 -> -0.0043467431
A229: D400-144 | B229: =INT(D229/12) -> 2 | C229: =D229-B229*12 -> 0 | D229: 24 | E229: 0 | F229: 2.293 | G229: 12 | H229: 0.607969 | I229: 3.8 | J229: 0 | K229: =F229/H229 -> 3.7715739 | L229: =K229-I229 -> -0.02842612
A230: D400-144 | B230: =INT(D230/12) -> 2 | C230: =D230-B230*12 -> 1 | D230: =D229+1 -> 25 | E230: 0 | F230: 2.293 | G230: 12 | H230: 0.609833 | I230: 3.8 | J230: 0 | K230: =F230/H230 -> 3.7600458 | L230: =K230-I230 -> -0.039954217
A231: D400-144 | B231: =INT(D231/12) -> 2 | C231: =D231-B231*12 -> 2 | D231: =D230+1 -> 26 | E231: 0 | F231: 2.293 | G231: 12 | H231: 0.609617 | I231: 3.8 | J231: 0 | K231: =F231/H231 -> 3.761378 | L231: =K231-I231 -> -0.038621954
A232: D400-144 | B232: =INT(D232/12) -> 2 | C232: =D232-B232*12 -> 3 | D232: =D231+1 -> 27 | E232: 0 | F232: 2.293 | G232: 12 | H232: 0.607759 | I232: 3.8 | J232: 0 | K232: =F232/H232 -> 3.7728771 | L232: =K232-I232 -> -0.027122922
A233: D400-144 | B233: =INT(D233/12) -> 2 | C233: =D233-B233*12 -> 4 | D233: =D232+1 -> 28 | E233: 0 | F233: 2.293 | G233: 12 | H233: 0.604607 | I233: 3.8 | J233: 0 | K233: =F233/H233 -> 3.7925462 | L233: =K233-I233 -> -0.0074537675
A234: D400-144 | B234: =INT(D234/12) -> 2 | C234: =D234-B234*12 -> 5 | D234: =D233+1 -> 29 | E234: 0 | F234: 2.293 | G234: 12 | H234: 0.600437 | I234: 3.8 | J234: 0 | K234: =F234/H234 -> 3.8188852 | L234: =K234-I234 -> 0.018885245
A235: D400-144 | B235: =INT(D235/12) -> 2 | C235: =D235-B235*12 -> 6 | D235: =D234+1 -> 30 | E235: 0 | F235: 2.293 | G235: 12 | H235: 0.59547 | I235: 3.9 | J235: 0 | K235: =F235/H235 -> 3.8507398 | L235: =K235-I235 -> -0.049260248
A236: D400-144 | B236: =INT(D236/12) -> 2 | C236: =D236-B236*12 -> 7 | D236: =D235+1 -> 31 | E236: 0 | F236: 2.293 | G236: 12 | H236: 0.589884 | I236: 3.9 | J236: 0 | K236: =F236/H236 -> 3.8872049 | L236: =K236-I236 -> -0.012795058
A237: D400-144 | B237: =INT(D237/12) -> 2 | C237: =D237-B237*12 -> 8 | D237: =D236+1 -> 32 | E237: 0 | F237: 2.293 | G237: 12 | H237: 0.583522 | I237: 3.9 | J237: 0 | K237: =F237/H237 -> 3.9295862 | L237: =K237-I237 -> 0.029586202
A238: D400-144 | B238: =INT(D238/12) -> 2 | C238: =D238-B238*12 -> 9 | D238: =D237+1 -> 33 | E238: 0 | F238: 2.293 | G238: 12 | H238: 0.577401 | I238: 4 | J238: 0 | K238: =F238/H238 -> 3.9712436 | L238: =K238-I238 -> -0.028756445
A239: D400-144 | B239: =INT(D239/12) -> 2 | C239: =D239-B239*12 -> 10 | D239: =D238+1 -> 34 | E239: 0 | F239: 2.293 | G239: 12 | H239: 0.570714 | I239: 4 | J239: 0 | K239: =F239/H239 -> 4.0177742 | L239: =K239-I239 -> 0.017774227
A240: D400-144 | B240: =INT(D240/12) -> 2 | C240: =D240-B240*12 -> 11 | D240: =D239+1 -> 35 | E240: 0 | F240: 2.293 | G240: 12 | H240: 0.563837 | I240: 4.1 | J240: 0 | K240: =F240/H240 -> 4.0667782 | L240: =K240-I240 -> -0.033221835
A241: D400-144 | B241: =INT(D241/12) -> 3 | C241: =D241-B241*12 -> 0 | D241: =D240+1 -> 36 | E241: 0 | F241: 2.293 | G241: 12 | H241: 0.556833 | I241: 4.1 | J241: 0 | K241: =F241/H241 -> 4.1179312 | L241: =K241-I241 -> 0.017931229
... A349: D400-144 | B349: =INT(D349/12) -> 12 | C349: =D349-B349*12 -> 0 | D349: =D348+1 -> 144 | E349: 0 | F349: 2.293 | G349: 12 | H349: 0.196029 | I349: 11.7 | J349: 0 | K349: =F349/H349 -> 11.697249 | L349: =K349-I349 -> -0.0027511236
A350: D400-144 | B350: =INT(D350/12) -> 2 | C350: =D350-B350*12 -> 0 | D350: 24 | E350: 0 | F350: 2.293 | G350: 15 | H350: 0.461859 | I350: 5 | J350: =$J$398-($H$398-H350)*($J$400-$J$398)/($H$400-$H$398) -> 0.38842274 | K350: =F350/H350 -> 4.9647187 | L350: =K350-I350 -> -0.03528133
A351: D400-144 | B351: =INT(D351/12) -> 2 | C351: =D351-B351*12 -> 1 | D351: =D350+1 -> 25 | E351: 0 | F351: 2.293 | G351: 15 | H351: 0.475179 | I351: 4.8 | J351: =$J$398-($H$398-H351)*($J$400-$J$398)/($H$400-$H$398) -> 0.39922815 | K351: =F351/H351 -> 4.82555 | L351: =K351-I351 -> 0.025549951
A352: D400-144 | B352: =INT(D352/12) -> 2 | C352: =D352-B352*12 -> 2 | D352: =D351+1 -> 26 | E352: 0 | F352: 2.293 | G352: 15 | H352: 0.485121 | I352: 4.7 | J352: =$J$398-($H$398-H352)*($J$400-$J$398)/($H$400-$H$398) -> 0.40729327 | K352: =F352/H352 -> 4.7266558 | L352: =K352-I352 -> 0.026655824
A353: D400-144 | B353: =INT(D353/12) -> 2 | C353: =D353-B353*12 -> 3 | D353: =D352+1 -> 27 | E353: 0 | F353: 2.293 | G353: 15 | H353: 0.492315 | I353: 4.7 | J353: =$J$398-($H$398-H353)*($J$400-$J$398)/($H$400-$H$398) -> 0.41312916 | K353: =F353/H353 -> 4.6575871 | L353: =K353-I353 -> -0.042412886
A354: D400-144 | B354: =INT(D354/12) -> 2 | C354: =D354-B354*12 -> 4 | D354: =D353+1 -> 28 | E354: 0 | F354: 2.293 | G354: 15 | H354: 0.497261 | I354: 4.6 | J354: =$J$398-($H$398-H354)*($J$400-$J$398)/($H$400-$H$398) -> 0.41714144 | K354: =F354/H354 -> 4.6112605 | L354: =K354-I354 -> 0.011260485
A355: D400-144 | B355: =INT(D355/12) -> 2 | C355: =D355-B355*12 -> 5 | D355: =D354+1 -> 29 | E355: 0 | F355: 2.293 | G355: 15 | H355: 0.500367 | I355: 4.6 | J355: =$J$398-($H$398-H355)*($J$400-$J$398)/($H$400-$H$398) -> 0.41966108 | K355: =F355/H355 -> 4.5826363 | L355: =K355-I355 -> -0.017363655
A356: D400-144 | B356: =INT(D356/12) -> 2 | C356: =D356-B356*12 -> 6 | D356: =D355+1 -> 30 | E356: 0 | F356: 2.293 | G356: 15 | H356: 0.50196 | I356: 4.6 | J356: =$J$398-($H$398-H356)*($J$400-$J$398)/($H$400-$H$398) -> 0.42095335 | K356: =F356/H356 -> 4.5680931 | L356: =K356-I356 -> -0.031906925
A357: D400-144 | B357: =INT(D357/12) -> 2 | C357: =D357-B357*12 -> 7 | D357: =D356+1 -> 31 | E357: 0 | F357: 2.293 | G357: 15 | H357: 0.50231 | I357: 4.6 | J357: =$J$398-($H$398-H357)*($J$400-$J$398)/($H$400-$H$398) -> 0.42123728 | K357: =F357/H357 -> 4.5649101 | L357: =K357-I357 -> -0.035089885
A358: D400-144 | B358: =INT(D358/12) -> 2 | C358: =D358-B358*12 -> 8 | D358: =D357+1 -> 32 | E358: 0 | F358: 2.293 | G358: 15 | H358: 0.501636 | I358: 4.6 | J358: =$J$398-($H$398-H358)*($J$400-$J$398)/($H$400-$H$398) -> 0.42069052 | K358: =F358/H358 -> 4.5710435 | L358: =K358-I358 -> -0.028956454
A359: D400-144 | B359: =INT(D359/12) -> 2 | C359: =D359-B359*12 -> 9 | D359: =D358+1 -> 33 | E359: 0 | F359: 2.293 | G359: 15 | H359: 0.50012 | I359: 4.6 | J359: =$J$398-($H$398-H359)*($J$400-$J$398)/($H$400-$H$398) -> 0.41946071 | K359: =F359/H359 -> 4.5848996 | L359: =K359-I359 -> -0.015100376
A360: D400-144 | B360: =INT(D360/12) -> 2 | C360: =D360-B360*12 -> 10 | D360: =D359+1 -> 34 | E360: 0 | F360: 2.293 | G360: 15 | H360: 0.497912 | I360: 4.6 | J360: =$J$398-($H$398-H360)*($J$400-$J$398)/($H$400-$H$398) -> 0.41766954 | K360: =F360/H360 -> 4.6052314 | L360: =K360-I360 -> 0.0052314465
A361: D400-144 | B361: =INT(D361/12) -> 2 | C361: =D361-B361*12 -> 11 | D361: =D360+1 -> 35 | E361: 0 | F361: 2.293 | G361: 15 | H361: 0.495136 | I361: 4.6 | J361: =$J$398-($H$398-H361)*($J$400-$J$398)/($H$400-$H$398) -> 0.41541761 | K361: =F361/H361 -> 4.6310509 | L361: =K361-I361 -> 0.031050863
...

Sheet Data Tables
A1: Door Model | C1: 21" (Lbs/Ft) | D1: 24" (Lbs/Ft) | J1: Track Size | O1: Gauge | Q1: 16 ga Hat Strut | T1: Lift Type | W1: Radius | Z1: Windows
A2: TX380 | C2: =TRUNC(2.15*21/12*0.93,4) -> 3.4991 | D2: =TRUNC(2.07*24/12*0.95,4) -> 3.933 | F2: Single-Car Keyed lock System (Lbs) | H2: 1.75 | J2: 3 | O2: 20 | Q2: Std 16ga Hat Strut | T2: Standard Lift 15'' Radius | W2: 15 | Z2: U100 | AT2: RECOMMENDED STRUT SCHEDULE FOR TX380
A3: TX450 | C3: 3.83 | D3: 4.38 | E3: =D3*0.975 -> 4.2705 | F3: Double-Car Keyed lock System (Lbs) | H3: 2.5 | J3: 2 | O3: 16 | Q3: Lynx 16ga Hat Strut | T3: Standard Lift 12'' Radius | W3: 12 | Z3: R112G - 34" x 16" Thermo. Window | AU3: 8 | AV3: 10 | AW3: 12 | AX3: 14 | AY3: 16 | AZ3: (+1)
A4: TX450-20 | C4: =TRUNC(2.96*21/12,4) -> 5.18 | D4: =TRUNC(5.7387*0.99,4) -> 5.6813 | E4: x .94 | F4: Steel plate 3/4" x 1/4" (Lbs/FT) | H4: 0.634 | T4: Low Head Room Front Mount | W4: 15 | Z4: R112G - 24" x 12" Thermo. Window | AU4: DOOR HEIGHT
A5: TX500 | C5: 4.002 | D5: 4.57 | E5: X 1.0225 | F5: Dual Contact Weather Seal (Lbs/Ft) | H5: =165/453.4/165*12 -> 0.026466696 | J5: Choose Yes or No | Q5: Choose Yes or No | T5: Low Head Room Rear Mount | W5: 15 | Z5: R112G - 18" x 8" Thermo. Window | AT5: =6*12+1 -> 73 | AU5: =8*12+1 -> 97 | AV5: =10*12+1 -> 121 | AW5: =12*12+1 -> 145 | AX5: =14*12+1 -> 169 | AY5: =16*12+1 -> 193 | AZ5: =18*12+1 -> 217
A6: TX500-20 | C6: =TRUNC(5.45,4)*0.97 -> 5.2865 | D6: 5.63 | F6: Bottom Retainer 1-3/8" (Lbs/Ft) | H6: 0.1824 | J6: Yes | Q6: 0 | T6: High Lift | W6: 15 | Z6: V130G - 24'' Section | AR6: DOOR WIDTH | AS6: =CONCATENATE(TRUNC(AT6/12,0),"'-",AT6-TRUNC(AT6/12,0)*12,"''") -> 8'-2'' | AT6: =8*12+2 -> 98 | AU6: 0 | AV6: 0 | AW6: 0 | AX6: 0 | AY6: 0
A7: AL976 | F7: Bottom Retainer 1-3/4" (Lbs/Ft) | H7: 0.175 | J7: No | Q7: 1 | T7: Vertical Lift | W7: N/A | Z7: V130G - 21'' Section | AS7: =CONCATENATE(TRUNC(AT7/12,0),"'-",AT7-TRUNC(AT7/12,0)*12,"''") -> 9'-2'' | AT7: =9*12+2 -> 110 | AU7: 0 | AV7: 0 | AW7: 0 | AX7: 0 | AY7: 0
A8: AL976-SWD | F8: Bottom Retainer 2" (Lbs/Ft) | H8: 0.1513 | Q8: 2 | AS8: =CONCATENATE(TRUNC(AT8/12,0),"'-",AT8-TRUNC(AT8/12,0)*12,"''") -> 10'-2'' | AT8: =10*12+2 -> 122 | AU8: 0 | AV8: 0 | AW8: 0 | AX8: 0 | AY8: 0
A9: Solalite | F9: Bottom Astragal Black (Lbs/Ft) | H9: 0.2282 | Q9: 3 | Y9: Coil | Z9: Cycles | AA9: Springs | AS9: =CONCATENATE(TRUNC(AT9/12,0),"'-",AT9-TRUNC(AT9/12,0)*12,"''") -> 11'-2'' | AT9: =11*12+2 -> 134 | AU9: 0 | AV9: 0 | AW9: 0 | AX9: 0 | AY9: 0
A10: Miltown | F10: Top Astragal Black (Lbs/Ft) | H10: 0.1427 | J10: Choose Single, Double or No | T10: Choose No, Double or Triple | Y10: 2 | Z10: 10000 | AA10: 1 | AS10: =CONCATENATE(TRUNC(AT10/12,0),"'-",AT10-TRUNC(AT10/12,0)*12,"''") -> 12'-2'' | AT10: =12*12+2 -> 146 | AU10: 0 | AV10: 0 | AW10: 0 | AX10: 0 | AY10: 0
A11: Stylistic | F11: End Cap Seal 24" (Lbs/Ea) | H11: 0.0441 | J11: Single | Q11: Stainless Steel Cable | T11: No | Y11: 2.625 | Z11: 15000 | AA11: 2 | AS11: =CONCATENATE(TRUNC(AT11/12,0),"'-",AT11-TRUNC(AT11/12,0)*12,"''") -> 13'-2'' | AT11: =13*12+2 -> 158 | AU11: 0 | AV11: 0 | AW11: 0 | AX11: 0 | AY11: 0
A12: Kanata | F12: End Cap Seal 21" (Lbs/Ea) | H12: 0.0379 | J12: Double | Q12: SS Yes | T12: Double | V12: Choose | Y12: 3.75 | Z12: 25000 | AA12: 3 | AS12: =CONCATENATE(TRUNC(AT12/12,0),"'-",AT12-TRUNC(AT12/12,0)*12,"''") -> 14'-2'' | AT12: =14*12+2 -> 170 | AU12: 0 | AV12: 0 | AW12: 0 | AX12: 0 | AY12: 0
A13: TX450-24' x 1.031 | F13: End Cap Screw (Lbs/Ea) | H13: 0 | J13: No | Q13: SS No | T13: Triple | V13: 2 Hat Strut | Y13: 6 | Z13: 50000 | AA13: 4 | AS13: =CONCATENATE(TRUNC(AT13/12,0),"'-",AT13-TRUNC(AT13/12,0)*12,"''") -> 15'-2'' | AT13: =15*12+2 -> 182 | AU13: 0 | AV13: 0 | AW13: 0 | AX13: 0 | AY13: 5
A14: TX500 = 4.31 from 30.5' length calc | F14: Retainer Screw (Lbs/Ea) | H14: 0 | V14: 1 Thresold | Z14: 100000 | AA14: 6 | AS14: =CONCATENATE(TRUNC(AT14/12,0),"'-",AT14-TRUNC(AT14/12,0)*12,"''") -> 16'-2'' | AT14: =16*12+2 -> 194 | AU14: 0 | AV14: 0 | AW14: 0 | AX14: 5 | AY14: 5
A15: TX500 = 4.38 from W/O# 76109A | F15: T-Bar (Lbs/Ft) | H15: =20/1000*2.2046*12 -> 0.529104 | AA15: 8 | AE15: STYLISTIC 3000
A16: For TX500-20 see W/O 74885A, B | F16: V-Strut (Lbs/Ft) | H16: 0.8 | AA16: 10 | AE16: SECTION HEIGHT COMBINATIONS | AU16: =SUMIFS(AU6:AU14,$AT$6:$AT$14,'Input Data'!$D$4*12+2) -> 0 | AV16: =SUMIFS(AV6:AV14,$AT$6:$AT$14,'Input Data'!$D$4*12+2) -> 0 | AW16: =SUMIFS(AW6:AW14,$AT$6:$AT$14,'Input Data'!$D$4*12+2) -> 0 | AX16: =SUMIFS(AX6:AX14,$AT$6:$AT$14,'Input Data'!$D$4*12+2) -> 0 | AY16: =SUMIFS(AY6:AY14,$AT$6:$AT$14,'Input Data'!$D$4*12+2) -> 0 | BF16: TX380
B17: Pending to review factor | AA17: 12 | AU17: =IF(AND('Input Data'!$F$5>AT5-1,'Input Data'!$F$5<AU5),AU16,0) -> 0 | AV17: =IF(AND('Input Data'!$F$5>AU5-1,'Input Data'!$F$5<AV5),AV16,0) -> 0 | AW17: =IF(AND('Input Data'!$F$5>AV5-1,'Input Data'!$F$5<AW5),AW16,0) -> 0 | AX17: =IF(AND('Input Data'!$F$5>AW5-1,'Input Data'!$F$5<AX5),AX16,0) -> 0 | AY17: =IF(AND('Input Data'!$F$5>AX5-1,'Input Data'!$F$5<AY5),AY16,0) -> 0 | BE17: =SUM(AU17:AY17) -> 0 | BF17: Total Struts
A18: THERMALEX 2000 | K18: # Thermalex 2000 Panels | U18: Note 1: Single = 1, Double = 2, Triple = 3 | AE18: Total In | AF18: Ft | AG18: In | AH18: 18" | AI18: 21" | AJ18: 24" | AK18: Bottom | AL18: 1st Interm | AM18: Inter | AN18: Inter | AO18: Inter | AP18: Inter
A19: SECTION HEIGHT COMBINATIONS | K19: Door Width | Q19: No. Panels | R19: Total Panels | T19: Section Model | U19: End Cap 1 | V19: Ga | W19: Section Height | X19: Weight (grams) | Y19: Lbs (pair) | Z19: Aluminum Profile | AA19: Actual Size | AB19: V130G Lbs / Feet | AC19: V230G Lbs / Feet | AE19: 72 | AF19: =ROUNDDOWN(AE19/12,0) -> 6 | AG19: =AE19-AF19*12 -> 0 | AH19: 0 | AI19: 0 | AJ19: 3 | AK19: 24 | AL19: 24 | AM19: 24 | AN19: --- | AO19: --- | AP19: ---
K20: From | M20: Total IN | N20: To | P20: Total IN | AE20: =AE19+3 -> 75 | AF20: =ROUNDDOWN(AE20/12,0) -> 6 | AG20: =AE20-AF20*12 -> 3 | AH20: 3 | AI20: 1 | AJ20: 0 | AK20: 21 | AL20: 18 | AM20: 18 | AN20: 18 | AO20: --- | AP20: ---
A21: Total In | B21: Ft | C21: In | D21: 21" | E21: 24" | F21: Total | G21: Comment | H21: Cut | I21: Actual 21" | K21: Ft | L21: In | N21: Ft | O21: In | T21: TX380 | U21: 1 | V21: 20 | W21: 21 | X21: 572 | Y21: =X21*2*2.2046/1000 -> 2.5220624 | Z21: 1.5" Center Rail | AA21: 1.488 | AB21: 0.455 | AE21: =AE20+3 -> 78 | AF21: =ROUNDDOWN(AE21/12,0) -> 6 | AG21: =AE21-AF21*12 -> 6 | AH21: 2 | AI21: 2 | AJ21: 0 | AK21: 21 | AL21: 18 | AM21: 18 | AN21: 21 | AO21: --- | AP21: --- | AT21: RECOMMENDED 20 Ga STRUT SCHEDULE FOR TX450, TX450-20, TX500, TX500-20
A22: 63 | B22: =ROUNDDOWN(A22/12,0) -> 5 | C22: =A22-B22*12 -> 3 | D22: 3 | E22: 0 | F22: =D22+E22 -> 3 | H22: =IF(D22*21+E22*24-A22=0,0,D22*21+E22*24-A22) -> 0 | I22: =(D22*21-H22)/21 -> 3 | K22: 0 | L22: 0 | M22: =K22*12+L22 -> 0 | N22: 11 | O22: 2 | P22: =N22*12+O22 -> 134 | Q22: 2 | R22: =IF('Input Data'!$F$4>=M22,IF('Input Data'!$F$4<=P22,Q22,0),0) -> 2 | T22: TX380 | U22: 1 | V22: 20 | W22: 24 | X22: 648 | Y22: =X22*2*2.2046/1000 -> 2.8571616 | Z22: 2" Center Rail | AA22: 2.64 | AB22: 0.694 | AC22: 0.755 | AE22: =AE21+3 -> 81 | AF22: =ROUNDDOWN(AE22/12,0) -> 6 | AG22: =AE22-AF22*12 -> 9 | AH22: 1 | AI22: 3 | AJ22: 0 | AK22: 21 | AL22: 21 | AM22: 18 | AN22: 21 | AO22: --- | AP22: ---
A23: 69 | B23: =ROUNDDOWN(A23/12,0) -> 5 | C23: =A23-B23*12 -> 9 | D23: 1 | E23: 2 | F23: =D23+E23 -> 3 | H23: =IF(D23*21+E23*24-A23=0,0,D23*21+E23*24-A23) -> 0 | I23: =(D23*21-H23)/21 -> 1 | K23: 11 | L23: 3 | M23: =K23*12+L23 -> 135 | N23: 14 | O23: 2 | P23: =N23*12+O23 -> 170 | Q23: 3 | R23: =IF('Input Data'!$F$4>=M23,IF('Input Data'!$F$4<=P23,Q23,0),0) -> 0 | T23: TX380 | U23: 1 | V23: 16 | W23: 21 | X23: N/A | Y23: N/A | Z23: 2" End Rail | AA23: 3.13 | AB23: 0.8225 | AU23: =CONCATENATE(TRUNC(AU25/12,0),"'-",AU25-TRUNC(AU25/12,0)*12,"''") -> 8'-1'' | AV23: =CONCATENATE(TRUNC(AV25/12,0),"'-",AV25-TRUNC(AV25/12,0)*12,"''") -> 10'-1'' | AW23: =CONCATENATE(TRUNC(AW25/12,0),"'-",AW25-TRUNC(AW25/12,0)*12,"''") -> 12'-1'' | AX23: =CONCATENATE(TRUNC(AX25/12,0),"'-",AX25-TRUNC(AX25/12,0)*12,"''") -> 14'-1'' | AY23: =CONCATENATE(TRUNC(AY25/12,0),"'-",AY25-TRUNC(AY25/12,0)*12,"''") -> 16'-1'' | AZ23: =CONCATENATE(TRUNC(AZ25/12,0),"'-",AZ25-TRUNC(AZ25/12,0)*12,"''") -> 18'-1'' | BA23: =CONCATENATE(TRUNC(BA25/12,0),"'-",BA25-TRUNC(BA25/12,0)*12,"''") -> 20'-1'' | BB23: =CONCATENATE(TRUNC(BB25/12,0),"'-",BB25-TRUNC(BB25/12,0)*12,"''") -> 22'-1'' | ... BD23: =CONCATENATE(TRUNC(BD25/12,0),"'-",BD25-TRUNC(BD25/12,0)*12,"''") -> 26'-1''
A24: 72 | B24: =ROUNDDOWN(A24/12,0) -> 6 | C24: =A24-B24*12 -> 0 | D24: 0 | E24: 3 | F24: =D24+E24 -> 3 | H24: =IF(D24*21+E24*24-A24=0,0,D24*21+E24*24-A24) -> 0 | I24: =(D24*21-H24)/21 -> 0 | K24: 14 | L24: 3 | M24: =K24*12+L24 -> 171 | N24: 16 | O24: 2 | P24: =N24*12+O24 -> 194 | Q24: 4 | R24: =IF('Input Data'!$F$4>=M24,IF('Input Data'!$F$4<=P24,Q24,0),0) -> 0 | T24: TX380 | U24: 1 | V24: 16 | W24: 24 | X24: N/A | Y24: N/A | Z24: 3" End Rail | AA24: 3.6 | AB24: 1.0392 | AC24: 1.278 | AE24: =AE22+3 -> 84 | AF24: =ROUNDDOWN(AE24/12,0) -> 7 | AG24: =AE24-AF24*12 -> 0 | AH24: 0 | AI24: 4 | AJ24: 0 | AK24: 21 | AL24: 21 | AM24: 21 | AN24: 21 | AO24: --- | AP24: --- | AU24: DOOR HEIGHT
A25: =A24+3 -> 75 | B25: =ROUNDDOWN(A25/12,0) -> 6 | C25: =A25-B25*12 -> 3 | D25: 4 | E25: 0 | F25: =D25+E25 -> 4 | G25: 21" TO 12" FOR TOP SECTION | H25: =IF(D25*21+E25*24-A25=0,0,D25*21+E25*24-A25) -> 9 | I25: =(D25*21-H25)/21 -> 3.5714286 | K25: 16 | L25: 3 | M25: =K25*12+L25 -> 195 | N25: 20 | O25: 0 | P25: =N25*12+O25 -> 240 | Q25: 5 | R25: =IF('Input Data'!$F$4>=M25,IF('Input Data'!$F$4<=P25,Q25,0),0) -> 0 | T25: TX380 | U25: 2 | V25: 20 | W25: 21 | X25: 738 | Y25: =X25*2*2.2046/1000 -> 3.2539896 | Z25: Double End Rail | AA25: =AA24+AA32 -> 5.85 | AB25: =AB24+AB32 -> 1.7514 | AC25: 2.014 | AE25: =AE24+3 -> 87 | AF25: =ROUNDDOWN(AE25/12,0) -> 7 | AG25: =AE25-AF25*12 -> 3 | AH25: 0 | AI25: 3 | AJ25: 1 | AK25: 24 | AL25: 21 | AM25: 21 | AN25: 21 | AO25: --- | AP25: --- | AS25: =7*12+2 -> 86 | AT25: =6*12+1 -> 73 | AU25: =8*12+1 -> 97 | AV25: =10*12+1 -> 121 | AW25: =12*12+1 -> 145 | AX25: =14*12+1 -> 169 | AY25: =16*12+1 -> 193 | AZ25: =18*12+1 -> 217 | BA25: =20*12+1 -> 241 | BB25: =22*12+1 -> 265 | BC25: =24*12+1 -> 289 | BD25: =26*12+1 -> 313 | BE25: =22*12+1 -> 265
A26: =A25+3 -> 78 | B26: =ROUNDDOWN(A26/12,0) -> 6 | C26: =A26-B26*12 -> 6 | D26: 4 | E26: 0 | F26: =D26+E26 -> 4 | G26: 21" TO 15" FOR TOP SECTION | H26: =IF(D26*21+E26*24-A26=0,0,D26*21+E26*24-A26) -> 6 | I26: =(D26*21-H26)/21 -> 3.7142857 | K26: 20 | L26: 1 | M26: =K26*12+L26 -> 241 | N26: 24 | O26: 0 | P26: =N26*12+O26 -> 288 | Q26: 6 | R26: =IF('Input Data'!$F$4>=M26,IF('Input Data'!$F$4<=P26,Q26,0),0) -> 0 | T26: TX380 | U26: 2 | V26: 20 | W26: 24 | X26: 890 | Y26: =X26*2*2.2046/1000 -> 3.924188 | Z26: 2" Top & Bottom Rail | AA26: 2.6875 | AB26: 0.8225 | AE26: =AE25+3 -> 90 | AF26: =ROUNDDOWN(AE26/12,0) -> 7 | AG26: =AE26-AF26*12 -> 6 | AH26: 0 | AI26: 2 | AJ26: 2 | AK26: 24 | AL26: 21 | AM26: 21 | AN26: 24 | AO26: --- | AP26: --- | AR26: DOOR WIDTH | AS26: =8*12+2 -> 98 | AT26: =IF(AND('Input Data'!$F$4<=AS26,'Input Data'!$F$4>AS25),'Input Data'!$F$4,0) -> 96 | AU26: 0 | AV26: 0 | AW26: 0 | AX26: 0 | AY26: 0 | AZ26: 0 | BA26: 0 | BB26: 12 | BC26: 13 | BD26: 14
A27: =A26+3 -> 81 | B27: =ROUNDDOWN(A27/12,0) -> 6 | C27: =A27-B27*12 -> 9 | D27: 4 | E27: 0 | F27: =D27+E27 -> 4 | G27: 21" TO 18" FOR TOP SECTION | H27: =IF(D27*21+E27*24-A27=0,0,D27*21+E27*24-A27) -> 3 | I27: =(D27*21-H27)/21 -> 3.8571429 | K27: 24 | L27: 1 | M27: =K27*12+L27 -> 289 | N27: 28 | O27: 0 | P27: =N27*12+O27 -> 336 | Q27: 7 | R27: =IF('Input Data'!$F$4>=M27,IF('Input Data'!$F$4<=P27,Q27,0),0) -> 0 | T27: TX380 | U27: 2 | V27: 16 | W27: 21 | X27: N/A | Y27: N/A | Z27: 3" Top & Bottom Rail | AA27: 3.135 | AB27: 1.0392 | AC27: 1.278 | AE27: =AE26+3 -> 93 | AF27: =ROUNDDOWN(AE27/12,0) -> 7 | AG27: =AE27-AF27*12 -> 9 | AH27: 0 | AI27: 1 | AJ27: 3 | AK27: 24 | AL27: 24 | AM27: 21 | AN27: 24 | AO27: --- | AP27: --- | AS27: =9*12+2 -> 110 | AT27: =IF(AND('Input Data'!$F$4<=AS27,'Input Data'!$F$4>AS26),'Input Data'!$F$4,0) -> 0 | AU27: 0 | AV27: 0 | AW27: 0 | AX27: 0 | AY27: 0 | AZ27: 0 | BA27: 0 | BB27: 12 | BC27: 13 | BD27: 14
A28: =A27+3 -> 84 | B28: =ROUNDDOWN(A28/12,0) -> 7 | C28: =A28-B28*12 -> 0 | D28: 4 | E28: 0 | F28: =D28+E28 -> 4 | H28: =IF(D28*21+E28*24-A28=0,0,D28*21+E28*24-A28) -> 0 | I28: =(D28*21-H28)/21 -> 4 | K28: 28 | L28: 1 | M28: =K28*12+L28 -> 337 | N28: 32 | O28: 0 | P28: =N28*12+O28 -> 384 | Q28: 8 | R28: =IF('Input Data'!$F$4>=M28,IF('Input Data'!$F$4<=P28,Q28,0),0) -> 0 | T28: TX380 | U28: 2 | V28: 16 | W28: 24 | X28: N/A | Y28: N/A | Z28: Double Top & Bottom Rail | AA28: 5.26 | AB28: =AB27+AB32 -> 1.7514 | AC28: 2.014 | AE28: =AE27+3 -> 96 | AF28: =ROUNDDOWN(AE28/12,0) -> 8 | AG28: =AE28-AF28*12 -> 0 | AH28: 0 | AI28: 0 | AJ28: 4 | AK28: 24 | AL28: 24 | AM28: 24 | AN28: 24 | AO28: --- | AP28: --- | AS28: =10*12+2 -> 122 | AT28: =IF(AND('Input Data'!$F$4<=AS28,'Input Data'!$F$4>AS27),'Input Data'!$F$4,0) -> 0 | AU28: 0 | AV28: 0 | AW28: 0 | AX28: 0 | AY28: 0 | AZ28: 0 | BA28: 0 | BB28: 12 | BC28: 13 | BD28: 14
A29: =A28+3 -> 87 | B29: =ROUNDDOWN(A29/12,0) -> 7 | C29: =A29-B29*12 -> 3 | D29: 3 | E29: 1 | F29: =D29+E29 -> 4 | H29: =IF(D29*21+E29*24-A29=0,0,D29*21+E29*24-A29) -> 0 | I29: =(D29*21-H29)/21 -> 3 | K29: 32 | L29: 1 | M29: =K29*12+L29 -> 385 | N29: 36 | O29: 0 | P29: =N29*12+O29 -> 432 | Q29: 9 | R29: =IF('Input Data'!$F$4>=M29,IF('Input Data'!$F$4<=P29,Q29,0),0) -> 0 | T29: TX450 | U29: 1 | V29: 20 | W29: 21 | X29: 556 | Y29: =X29*2*2.2046/1000 -> 2.4515152 | Z29: Male Rail | AA29: 1.25 | AB29: 0.5701 | AC29: 0.637 | AE29: =AE28+3 -> 99 | AF29: =ROUNDDOWN(AE29/12,0) -> 8 | AG29: =AE29-AF29*12 -> 3 | AH29: 2 | AI29: 3 | AJ29: 0 | AK29: 21 | AL29: 21 | AM29: 18 | AN29: 18 | AO29: 21 | AP29: --- | AS29: =11*12+2 -> 134 | AT29: =IF(AND('Input Data'!$F$4<=AS29,'Input Data'!$F$4>AS28),'Input Data'!$F$4,0) -> 0 | AU29: 0 | AV29: 0 | AW29: 0 | AX29: 0 | AY29: 0 | AZ29: 0 | BA29: 0 | BB29: 12 | BC29: 13 | BD29: 14
A30: =A29+3 -> 90 | B30: =ROUNDDOWN(A30/12,0) -> 7 | C30: =A30-B30*12 -> 6 | D30: 2 | E30: 2 | F30: =D30+E30 -> 4 | H30: =IF(D30*21+E30*24-A30=0,0,D30*21+E30*24-A30) -> 0 | I30: =(D30*21-H30)/21 -> 2 | K30: 36 | L30: 1 | M30: =K30*12+L30 -> 433 | N30: 40 | O30: 0 | P30: =N30*12+O30 -> 480 | Q30: 10 | R30: =IF('Input Data'!$F$4>=M30,IF('Input Data'!$F$4<=P30,Q30,0),0) -> 0 | T30: TX450 | U30: 1 | V30: 20 | W30: 24 | X30: 638 | Y30: =X30*2*2.2046/1000 -> 2.8130696 | Z30: Female Rail | AA30: 1.25 | AB30: 0.568 | AC30: 0.61 | AE30: =AE29+3 -> 102 | AF30: =ROUNDDOWN(AE30/12,0) -> 8 | AG30: =AE30-AF30*12 -> 6 | AH30: 1 | AI30: 4 | AJ30: 0 | AK30: 21 | AL30: 21 | AM30: 21 | AN30: 18 | AO30: 21 | AP30: --- | AS30: =12*12+2 -> 146 | AT30: =IF(AND('Input Data'!$F$4<=AS30,'Input Data'!$F$4>AS29),'Input Data'!$F$4,0) -> 0 | AU30: 0 | AV30: 0 | AW30: 0 | AX30: 0 | AY30: 0 | AZ30: 0 | BA30: 0 | BB30: 12 | BC30: 13 | BD30: 14
A31: =A30+3 -> 93 | B31: =ROUNDDOWN(A31/12,0) -> 7 | C31: =A31-B31*12 -> 9 | D31: 1 | E31: 3 | F31: =D31+E31 -> 4 | H31: =IF(D31*21+E31*24-A31=0,0,D31*21+E31*24-A31) -> 0 | I31: =(D31*21-H31)/21 -> 1 | Q31: Total panels: | R31: =SUM(R22:R30) -> 2 | T31: TX450 | U31: 1 | V31: 16 | W31: 21 | X31: 894 | Y31: =X31*2*2.2046/1000 -> 3.9418248 | Z31: Female Rail with Strut | AA31: 1.25 | AB31: 0.9547 | AC31: 0.699 | AE31: =AE30+3 -> 105 | AF31: =ROUNDDOWN(AE31/12,0) -> 8 | AG31: =AE31-AF31*12 -> 9 | AH31: 0 | AI31: 5 | AJ31: 0 | AK31: 21 | AL31: 21 | AM31: 21 | AN31: 21 | AO31: 21 | AP31: --- | AS31: =13*12+2 -> 158 | AT31: =IF(AND('Input Data'!$F$4<=AS31,'Input Data'!$F$4>AS30),'Input Data'!$F$4,0) -> 0 | AU31: 0 | AV31: 0 | AW31: 0 | AX31: 0 | AY31: 0 | AZ31: 0 | BA31: 0 | BB31: 12 | BC31: 13 | BD31: 14
A32: =A31+3 -> 96 | B32: =ROUNDDOWN(A32/12,0) -> 8 | C32: =A32-B32*12 -> 0 | D32: 0 | E32: 4 | F32: =D32+E32 -> 4 | H32: =IF(D32*21+E32*24-A32=0,0,D32*21+E32*24-A32) -> 0 | I32: =(D32*21-H32)/21 -> 0 | T32: TX450 | U32: 1 | V32: 16 | W32: 24 | X32: 1046 | Y32: =X32*2*2.2046/1000 -> 4.6120232 | Z32: Built - Up Rail | AA32: 2.25 | AB32: 0.7122 | AC32: 0.736 | AE32: =AE31+3 -> 108 | AF32: =ROUNDDOWN(AE32/12,0) -> 9 | AG32: =AE32-AF32*12 -> 0 | AH32: 0 | AI32: 4 | AJ32: 1 | AK32: 24 | AL32: 21 | AM32: 21 | AN32: 21 | AO32: 21 | AP32: --- | AS32: =14*12+2 -> 170 | AT32: =IF(AND('Input Data'!$F$4<=AS32,'Input Data'!$F$4>AS31),'Input Data'!$F$4,0) -> 0 | AU32: 0 | AV32: 0 | AW32: 0 | AX32: 0 | AY32: 0 | AZ32: 0 | BA32: 0 | BB32: 12 | BC32: 13 | BD32: 14
A33: =A32+3 -> 99 | B33: =ROUNDDOWN(A33/12,0) -> 8 | C33: =A33-B33*12 -> 3 | D33: 5 | E33: 0 | F33: =D33+E33 -> 5 | G33: 21" TO 15" FOR TOP SECTION | H33: =IF(D33*21+E33*24-A33=0,0,D33*21+E33*24-A33) -> 6 | I33: =(D33*21-H33)/21 -> 4.7142857 | T33: TX450 | U33: 2 | V33: 20 | W33: 21 | X33: 752 | Y33: =X33*2*2.2046/1000 -> 3.3157184 | Z33: 1" Solid Shaft | AB33: 2.673 | AE33: =AE32+3 -> 111 | AF33: =ROUNDDOWN(AE33/12,0) -> 9 | AG33: =AE33-AF33*12 -> 3 | AH33: 0 | AI33: 3 | AJ33: 2 | AK33: 24 | AL33: 21 | AM33: 21 | AN33: 21 | AO33: 24 | AP33: --- | AS33: =15*12+2 -> 182 | AT33: =IF(AND('Input Data'!$F$4<=AS33,'Input Data'!$F$4>AS32),'Input Data'!$F$4,0) -> 0 | AU33: 0 | AV33: 0 | AW33: 0 | AX33: 0 | AY33: 5 | AZ33: 6 | BA33: 7 | BB33: 12 | BC33: 13 | BD33: 14
A34: =A33+3 -> 102 | B34: =ROUNDDOWN(A34/12,0) -> 8 | C34: =A34-B34*12 -> 6 | D34: 5 | E34: 0 | F34: =D34+E34 -> 5 | G34: 21" TO 18" FOR TOP SECTION | H34: =IF(D34*21+E34*24-A34=0,0,D34*21+E34*24-A34) -> 3 | I34: =(D34*21-H34)/21 -> 4.8571429 | K34: # V130G Panels | T34: TX450 | U34: 2 | V34: 20 | W34: 24 | X34: 860 | Y34: =X34*2*2.2046/1000 -> 3.791912 | Z34: 1-1/4" Solid Shaft | AB34: 4.176 | AE34: =AE33+3 -> 114 | AF34: =ROUNDDOWN(AE34/12,0) -> 9 | AG34: =AE34-AF34*12 -> 6 | AH34: 0 | AI34: 2 | AJ34: 3 | AK34: 24 | AL34: 24 | AM34: 21 | AN34: 21 | AO34: 24 | AP34: --- | AS34: =16*12+2 -> 194 | AT34: =IF(AND('Input Data'!$F$4<=AS34,'Input Data'!$F$4>AS33),'Input Data'!$F$4,0) -> 0 | AU34: 0 | AV34: 0 | AW34: 0 | AX34: 5 | AY34: 5 | AZ34: 6 | BA34: 7 | BB34: 12 | BC34: 13 | BD34: 14
A35: =A34+3 -> 105 | B35: =ROUNDDOWN(A35/12,0) -> 8 | C35: =A35-B35*12 -> 9 | D35: 5 | E35: 0 | F35: =D35+E35 -> 5 | H35: =IF(D35*21+E35*24-A35=0,0,D35*21+E35*24-A35) -> 0 | I35: =(D35*21-H35)/21 -> 5 | K35: Door Width | Q35: Number of Panels | R35: Total Panels | T35: TX450 | U35: 2 | V35: 16 | W35: 21 | X35: 1194 | Y35: =X35*2*2.2046/1000 -> 5.2645848 | Z35: Hat Strut GA 20 | AB35: 0.79 | AE35: =AE34+3 -> 117 | AF35: =ROUNDDOWN(AE35/12,0) -> 9 | AG35: =AE35-AF35*12 -> 9 | AH35: 0 | AI35: 1 | AJ35: 4 | AK35: 24 | AL35: 24 | AM35: 24 | AN35: 21 | AO35: 24 | AP35: --- | AS35: =17*12+2 -> 206 | AT35: =IF(AND('Input Data'!$F$4<=AS35,'Input Data'!$F$4>AS34),'Input Data'!$F$4,0) -> 0 | AU35: 3 | AV35: 4 | AW35: 4 | AX35: 5 | AY35: 5 | AZ35: 6 | BA35: 7 | BB35: 12 | BC35: 13 | BD35: 14
A36: =A35+3 -> 108 | B36: =ROUNDDOWN(A36/12,0) -> 9 | C36: =A36-B36*12 -> 0 | D36: 4 | E36: 1 | F36: =D36+E36 -> 5 | H36: =IF(D36*21+E36*24-A36=0,0,D36*21+E36*24-A36) -> 0 | I36: =(D36*21-H36)/21 -> 4 | K36: From | M36: Total IN | N36: To | P36: Total IN | T36: TX450 | U36: 2 | V36: 16 | W36: 24 | X36: 1382 | Y36: =X36*2*2.2046/1000 -> 6.0935144 | Z36: Hat Strut GA 16 | AB36: 1.05 | AE36: =AE35+3 -> 120 | AF36: =ROUNDDOWN(AE36/12,0) -> 10 | AG36: =AE36-AF36*12 -> 0 | AH36: 0 | AI36: 0 | AJ36: 5 | AK36: 24 | AL36: 24 | AM36: 24 | AN36: 24 | AO36: 24 | AP36: --- | AS36: =18*12+2 -> 218 | AT36: =IF(AND('Input Data'!$F$4<=AS36,'Input Data'!$F$4>AS35),'Input Data'!$F$4,0) -> 0 | AU36: 3 | AV36: 4 | AW36: 4 | AX36: 5 | AY36: 5 | AZ36: 6 | BA36: 7 | BB36: 12 | BC36: 13 | BD36: 14
A37: =A36+3 -> 111 | B37: =ROUNDDOWN(A37/12,0) -> 9 | C37: =A37-B37*12 -> 3 | D37: 3 | E37: 2 | F37: =D37+E37 -> 5 | H37: =IF(D37*21+E37*24-A37=0,0,D37*21+E37*24-A37) -> 0 | I37: =(D37*21-H37)/21 -> 3 | K37: Ft | L37: In | N37: Ft | O37: In | T37: TX450 | U37: 3 | V37: 20 | W37: 21 | X37: =X29+X33 -> 1308 | Y37: =X37*2*2.2046/1000 -> 5.7672336 | Z37: Linx Hat Strut GA 16 | AB37: =(4095/1000*2.2046)/((88+1/16)/12) -> 1.230195 | AE37: =AE36+3 -> 123 | AF37: =ROUNDDOWN(AE37/12,0) -> 10 | AG37: =AE37-AF37*12 -> 3 | AH37: 1 | AI37: 5 | AJ37: 0 | AK37: 21 | AL37: 21 | AM37: 21 | AN37: 18 | AO37: 21 | AP37: 21 | AS37: =19*12+2 -> 230 | AT37: =IF(AND('Input Data'!$F$4<=AS37,'Input Data'!$F$4>AS36),'Input Data'!$F$4,0) -> 0 | AU37: 3 | AV37: 4 | AW37: 4 | AX37: 5 | AY37: 5 | AZ37: 6 | BA37: 7 | BB37: 12 | BC37: 13 | BD37: 14
A38: =A37+3 -> 114 | B38: =ROUNDDOWN(A38/12,0) -> 9 | C38: =A38-B38*12 -> 6 | D38: 2 | E38: 3 | F38: =D38+E38 -> 5 | H38: =IF(D38*21+E38*24-A38=0,0,D38*21+E38*24-A38) -> 0 | I38: =(D38*21-H38)/21 -> 2 | K38: 0 | L38: 0 | M38: =K38*12+L38 -> 0 | N38: 8 | O38: 2 | P38: =N38*12+O38 -> 98 | Q38: 2 | R38: =IF('Input Data'!$F$4>=M38,IF('Input Data'!$F$4<=P38,Q38,0),0) -> 2 | T38: TX450 | U38: 3 | V38: 20 | W38: 24 | X38: =X30+X34 -> 1498 | Y38: =X38*2*2.2046/1000 -> 6.6049816 | Z38: T-Bar | AB38: =20/453.592 -> 0.044092488 | AE38: =AE37+3 -> 126 | AF38: =ROUNDDOWN(AE38/12,0) -> 10 | AG38: =AE38-AF38*12 -> 6 | AH38: 0 | AI38: 6 | AJ38: 0 | AK38: 21 | AL38: 21 | AM38: 21 | AN38: 21 | AO38: 21 | AP38: 21 | AS38: =20*12+2 -> 242 | AT38: =IF(AND('Input Data'!$F$4<=AS38,'Input Data'!$F$4>AS37),'Input Data'!$F$4,0) -> 0 | AU38: 3 | AV38: 4 | AW38: 4 | AX38: 5 | AY38: 5 | AZ38: 6 | BA38: 7 | BB38: 12 | BC38: 13 | BD38: 14
A39: =A38+3 -> 117 | B39: =ROUNDDOWN(A39/12,0) -> 9 | C39: =A39-B39*12 -> 9 | D39: 1 | E39: 4 | F39: =D39+E39 -> 5 | H39: =IF(D39*21+E39*24-A39=0,0,D39*21+E39*24-A39) -> 0 | I39: =(D39*21-H39)/21 -> 1 | K39: 8 | L39: 3 | M39: =K39*12+L39 -> 99 | N39: =K40 -> 11 | O39: =O38 -> 2 | P39: =N39*12+O39 -> 134 | Q39: 3 | R39: =IF('Input Data'!$F$4>=M39,IF('Input Data'!$F$4<=P39,Q39,0),0) -> 0 | T39: TX450 | U39: 3 | V39: 16 | W39: 21 | X39: =X31+X35 -> 2088 | Y39: =X39*2*2.2046/1000 -> 9.2064096 | Z39: 3/16 Revit (ea) | AB39: Lbs | AE39: =AE38+3 -> 129 | AF39: =ROUNDDOWN(AE39/12,0) -> 10 | AG39: =AE39-AF39*12 -> 9 | AH39: 0 | AI39: 5 | AJ39: 1 | AK39: 24 | AL39: 21 | AM39: 21 | AN39: 21 | AO39: 21 | AP39: 21 | AS39: =21*12+2 -> 254 | AT39: =IF(AND('Input Data'!$F$4<=AS39,'Input Data'!$F$4>AS38),'Input Data'!$F$4,0) -> 0 | AU39: 4 | AV39: 5 | AW39: 6 | AX39: 7 | AY39: 8 | AZ39: 9 | BA39: 10 | BB39: 12 | BC39: 13 | BD39: 14
A40: =A39+3 -> 120 | B40: =ROUNDDOWN(A40/12,0) -> 10 | C40: =A40-B40*12 -> 0 | D40: 0 | E40: 5 | F40: =D40+E40 -> 5 | H40: =IF(D40*21+E40*24-A40=0,0,D40*21+E40*24-A40) -> 0 | I40: =(D40*21-H40)/21 -> 0 | K40: =K39+3 -> 11 | L40: =L39 -> 3 | M40: =K40*12+L40 -> 135 | N40: =N39+3 -> 14 | O40: =O39 -> 2 | P40: =N40*12+O40 -> 170 | Q40: 4 | R40: =IF('Input Data'!$F$4>=M40,IF('Input Data'!$F$4<=P40,Q40,0),0) -> 0 | T40: TX450 | U40: 3 | V40: 16 | W40: 24 | X40: =X32+X36 -> 2428 | Y40: =X40*2*2.2046/1000 -> 10.705538 | Z40: Hat Strut Clip | AA40: =17.31/1000*2.2046 -> 0.038161626 | AB40: Lbs | AE40: =AE39+3 -> 132 | AF40: =ROUNDDOWN(AE40/12,0) -> 11 | AG40: =AE40-AF40*12 -> 0 | AH40: 0 | AI40: 4 | AJ40: 2 | AK40: 24 | AL40: 21 | AM40: 21 | AN40: 21 | AO40: 21 | AP40: 24 | AS40: =22*12+2 -> 266 | AT40: =IF(AND('Input Data'!$F$4<=AS40,'Input Data'!$F$4>AS39),'Input Data'!$F$4,0) -> 0 | AU40: 4 | AV40: 5 | AW40: 6 | AX40: 7 | AY40: 8 | AZ40: 9 | BA40: 10 | BB40: 12 | BC40: 13 | BD40: 14
A41: =A40+3 -> 123 | B41: =ROUNDDOWN(A41/12,0) -> 10 | C41: =A41-B41*12 -> 3 | D41: 6 | E41: 0 | F41: =D41+E41 -> 6 | G41: 21" TO 18" FOR TOP SECTION | H41: =IF(D41*21+E41*24-A41=0,0,D41*21+E41*24-A41) -> 3 | I41: =(D41*21-H41)/21 -> 5.8571429 | K41: =K40+3 -> 14 | L41: 3 | M41: =K41*12+L41 -> 171 | N41: =N40+3 -> 17 | O41: =O40 -> 2 | P41: =N41*12+O41 -> 206 | Q41: 5 | R41: =IF('Input Data'!$F$4>=M41,IF('Input Data'!$F$4<=P41,Q41,0),0) -> 0 | T41: TX450-20 | U41: 1 | V41: 20 | W41: 21 | X41: 556 | Y41: =X41*2*2.2046/1000 -> 2.4515152 | Z41: Low Thresold Extrusion | AA41: =(3.444/(71.9/2.54/12)) -> 1.4599878 | AE41: =AE40+3 -> 135 | AF41: =ROUNDDOWN(AE41/12,0) -> 11 | AG41: =AE41-AF41*12 -> 3 | AH41: 0 | AI41: 3 | AJ41: 3 | AK41: 24 | AL41: 24 | AM41: 21 | AN41: 21 | AO41: 21 | AP41: 24 | AS41: =23*12+2 -> 278 | AT41: =IF(AND('Input Data'!$F$4<=AS41,'Input Data'!$F$4>AS40),'Input Data'!$F$4,0) -> 0 | AU41: 4 | AV41: 5 | AW41: 6 | AX41: 7 | AY41: 8 | AZ41: 9 | BA41: 10 | BB41: 12 | BC41: 13 | BD41: 14
A42: =A41+3 -> 126 | B42: =ROUNDDOWN(A42/12,0) -> 10 | C42: =A42-B42*12 -> 6 | D42: 6 | E42: 0 | F42: =D42+E42 -> 6 | H42: =IF(D42*21+E42*24-A42=0,0,D42*21+E42*24-A42) -> 0 | I42: =(D42*21-H42)/21 -> 6 | K42: =K41+3 -> 17 | L42: 3 | M42: =K42*12+L42 -> 207 | N42: =N41+3 -> 20 | O42: =O41 -> 2 | P42: =N42*12+O42 -> 242 | Q42: 6 | R42: =IF('Input Data'!$F$4>=M42,IF('Input Data'!$F$4<=P42,Q42,0),0) -> 0 | T42: TX450-20 | U42: 1 | V42: 20 | W42: 24 | X42: 638 | Y42: =X42*2*2.2046/1000 -> 2.8130696 | Z42: Top & Bottom Bolt Weight (ea) | AA42: =35.5*2.2046/1000 -> 0.0782633 | AB42: Lbs | AE42: =AE41+3 -> 138 | AF42: =ROUNDDOWN(AE42/12,0) -> 11 | AG42: =AE42-AF42*12 -> 6 | AH42: 0 | AI42: 2 | AJ42: 4 | AK42: 24 | AL42: 24 | AM42: 24 | AN42: 21 | AO42: 21 | AP42: 24 | AS42: =24*12+2 -> 290 | AT42: =IF(AND('Input Data'!$F$4<=AS42,'Input Data'!$F$4>AS41),'Input Data'!$F$4,0) -> 0 | AU42: 4 | AV42: 5 | AW42: 6 | AX42: 7 | AY42: 8 | AZ42: 9 | BA42: 10 | BB42: 12 | BC42: 13 | BD42: 14
A43: =A42+3 -> 129 | B43: =ROUNDDOWN(A43/12,0) -> 10 | C43: =A43-B43*12 -> 9 | D43: 5 | E43: 1 | F43: =D43+E43 -> 6 | H43: =IF(D43*21+E43*24-A43=0,0,D43*21+E43*24-A43) -> 0 | I43: =(D43*21-H43)/21 -> 5 | K43: =K42+3 -> 20 | L43: 3 | M43: =K43*12+L43 -> 243 | N43: =N42+3 -> 23 | O43: =O42 -> 2 | P43: =N43*12+O43 -> 278 | Q43: 7 | R43: =IF('Input Data'!$F$4>=M43,IF('Input Data'!$F$4<=P43,Q43,0),0) -> 0 | T43: TX450-20 | U43: 1 | V43: 16 | W43: 21 | X43: 894 | Y43: =X43*2*2.2046/1000 -> 3.9418248 | Z43: Top & Bottom Screw Weight (ea) | AA43: =14*2.2046/1000 -> 0.0308644 | AB43: Lbs | AE43: =AE42+3 -> 141 | AF43: =ROUNDDOWN(AE43/12,0) -> 11 | AG43: =AE43-AF43*12 -> 9 | AH43: 0 | AI43: 1 | AJ43: 5 | AK43: 24 | AL43: 24 | AM43: 24 | AN43: 24 | AO43: 21 | AP43: 24 | AS43: =25*12+2 -> 302 | AT43: =IF(AND('Input Data'!$F$4<=AS43,'Input Data'!$F$4>AS42),'Input Data'!$F$4,0) -> 0 | AU43: 5 | AV43: 6 | AW43: 7 | AX43: 8 | AY43: 9 | AZ43: 10 | BA43: 11 | BB43: 12 | BC43: 13 | BD43: 14
A44: =A43+3 -> 132 | B44: =ROUNDDOWN(A44/12,0) -> 11 | C44: =A44-B44*12 -> 0 | D44: 4 | E44: 2 | F44: =D44+E44 -> 6 | H44: =IF(D44*21+E44*24-A44=0,0,D44*21+E44*24-A44) -> 0 | I44: =(D44*21-H44)/21 -> 4 | K44: =K43+3 -> 23 | L44: 3 | M44: =K44*12+L44 -> 279 | N44: =N43+3 -> 26 | O44: =O43 -> 2 | P44: =N44*12+O44 -> 314 | Q44: 8 | R44: =IF('Input Data'!$F$4>=M44,IF('Input Data'!$F$4<=P44,Q44,0),0) -> 0 | T44: TX450-20 | U44: 1 | V44: 16 | W44: 24 | X44: 1046 | Y44: =X44*2*2.2046/1000 -> 4.6120232 | Z44: Screw weight (each) | AA44: =14.8*2.2046/1000 -> 0.03262808 | AB44: Lbs | AE44: =AE43+3 -> 144 | AF44: =ROUNDDOWN(AE44/12,0) -> 12 | AG44: =AE44-AF44*12 -> 0 | AH44: 0 | AI44: 0 | AJ44: 6 | AK44: 24 | AL44: 24 | AM44: 24 | AN44: 24 | AO44: 24 | AP44: 24 | AS44: =26*12+2 -> 314 | AT44: =IF(AND('Input Data'!$F$4<=AS44,'Input Data'!$F$4>AS43),'Input Data'!$F$4,0) -> 0 | AU44: 5 | AV44: 6 | AW44: 7 | AX44: 8 | AY44: 9 | AZ44: 10 | BA44: 11 | BB44: 12 | BC44: 13 | BD44: 14
A45: =A44+3 -> 135 | B45: =ROUNDDOWN(A45/12,0) -> 11 | C45: =A45-B45*12 -> 3 | D45: 3 | E45: 3 | F45: =D45+E45 -> 6 | H45: =IF(D45*21+E45*24-A45=0,0,D45*21+E45*24-A45) -> 0 | I45: =(D45*21-H45)/21 -> 3 | K45: =K44+3 -> 26 | L45: 3 | M45: =K45*12+L45 -> 315 | N45: =N44+3 -> 29 | O45: =O44 -> 2 | P45: =N45*12+O45 -> 350 | Q45: 9 | R45: =IF('Input Data'!$F$4>=M45,IF('Input Data'!$F$4<=P45,Q45,0),0) -> 0 | T45: TX450-20 | U45: 2 | V45: 20 | W45: 21 | X45: 752 | Y45: =X45*2*2.2046/1000 -> 3.3157184 | Z45: Grey Rubber | AB45: 0.0356 | BE45: TX450 / TX500
A46: =A45+3 -> 138 | B46: =ROUNDDOWN(A46/12,0) -> 11 | C46: =A46-B46*12 -> 6 | D46: 2 | E46: 4 | F46: =D46+E46 -> 6 | H46: =IF(D46*21+E46*24-A46=0,0,D46*21+E46*24-A46) -> 0 | I46: =(D46*21-H46)/21 -> 2 | K46: =K45+3 -> 29 | L46: 3 | M46: =K46*12+L46 -> 351 | N46: =N45+3 -> 32 | O46: =O45 -> 2 | P46: =N46*12+O46 -> 386 | Q46: 10 | R46: =IF('Input Data'!$F$4>=M46,IF('Input Data'!$F$4<=P46,Q46,0),0) -> 0 | T46: TX450-20 | U46: 2 | V46: 20 | W46: 24 | X46: 860 | Y46: =X46*2*2.2046/1000 -> 3.791912 | Z46: Snap moulding | AB46: 0.074 | AU46: =SUMIFS(AU26:AU44,$AT$26:$AT$44,'Input Data'!$F$4) -> 0 | AV46: =SUMIFS(AV26:AV44,$AT$26:$AT$44,'Input Data'!$F$4) -> 0 | AW46: =SUMIFS(AW26:AW44,$AT$26:$AT$44,'Input Data'!$F$4) -> 0 | AX46: =SUMIFS(AX26:AX44,$AT$26:$AT$44,'Input Data'!$F$4) -> 0 | AY46: =SUMIFS(AY26:AY44,$AT$26:$AT$44,'Input Data'!$F$4) -> 0 | AZ46: =SUMIFS(AZ26:AZ44,$AT$26:$AT$44,'Input Data'!$F$4) -> 0 | BA46: =SUMIFS(BA26:BA44,$AT$26:$AT$44,'Input Data'!$F$4) -> 0 | BB46: =SUMIFS(BB26:BB44,$AT$26:$AT$44,'Input Data'!$F$4) -> 12 | ... BD46: =SUMIFS(BD26:BD44,$AT$26:$AT$44,'Input Data'!$F$4) -> 14 | BE46: =SUM(AU47:BD47) -> 0 | BF46: Total 20 Ga Struts
A47: =A46+3 -> 141 | B47: =ROUNDDOWN(A47/12,0) -> 11 | C47: =A47-B47*12 -> 9 | D47: 1 | E47: 5 | F47: =D47+E47 -> 6 | H47: =IF(D47*21+E47*24-A47=0,0,D47*21+E47*24-A47) -> 0 | I47: =(D47*21-H47)/21 -> 1 | K47: =K46+3 -> 32 | L47: 3 | M47: =K47*12+L47 -> 387 | N47: =N46+3 -> 35 | O47: =O46 -> 2 | P47: =N47*12+O47 -> 422 | Q47: 11 | R47: =IF('Input Data'!$F$4>=M47,IF('Input Data'!$F$4<=P47,Q47,0),0) -> 0 | T47: TX450-20 | U47: 2 | V47: 16 | W47: 21 | X47: 1194 | Y47: =X47*2*2.2046/1000 -> 5.2645848 | Z47: Bubble Seal | AB47: 0.0273 | AU47: =IF(AND('Input Data'!$F$5>AT25,'Input Data'!$F$5<AU25),AU46,0) -> 0 | AV47: =IF(AND('Input Data'!$F$5>AU25,'Input Data'!$F$5<AV25),AV46,0) -> 0 | AW47: =IF(AND('Input Data'!$F$5>AV25,'Input Data'!$F$5<AW25),AW46,0) -> 0 | AX47: =IF(AND('Input Data'!$F$5>AW25,'Input Data'!$F$5<AX25),AX46,0) -> 0 | AY47: =IF(AND('Input Data'!$F$5>AX25,'Input Data'!$F$5<AY25),AY46,0) -> 0 | AZ47: =IF(AND('Input Data'!$F$5>AY25,'Input Data'!$F$5<AZ25),AZ46,0) -> 0 | BA47: =IF(AND('Input Data'!$F$5>AZ25,'Input Data'!$F$5<BA25),BA46,0) -> 0 | BB47: =IF(AND('Input Data'!$F$5>BA25,'Input Data'!$F$5<BB25),BB46,0) -> 0 | ... BD47: =IF(AND('Input Data'!$F$5>BC25,'Input Data'!$F$5<BD25),BD46,0) -> 0
A48: =A47+3 -> 144 | B48: =ROUNDDOWN(A48/12,0) -> 12 | C48: =A48-B48*12 -> 0 | D48: 0 | E48: 6 | F48: =D48+E48 -> 6 | H48: =IF(D48*21+E48*24-A48=0,0,D48*21+E48*24-A48) -> 0 | I48: =(D48*21-H48)/21 -> 0 | K48: =K47+3 -> 35 | L48: 3 | M48: =K48*12+L48 -> 423 | N48: =N47+3 -> 38 | O48: =O47 -> 2 | P48: =N48*12+O48 -> 458 | Q48: 12 | R48: =IF('Input Data'!$F$4>=M48,IF('Input Data'!$F$4<=P48,Q48,0),0) -> 0 | T48: TX450-20 | U48: 2 | V48: 16 | W48: 24 | X48: 1382 | Y48: =X48*2*2.2046/1000 -> 6.0935144
A49: =A48+3 -> 147 | B49: =ROUNDDOWN(A49/12,0) -> 12 | C49: =A49-B49*12 -> 3 | D49: 7 | E49: 0 | F49: =D49+E49 -> 7 | H49: =IF(D49*21+E49*24-A49=0,0,D49*21+E49*24-A49) -> 0 | I49: =(D49*21-H49)/21 -> 7 | Q49: Total panels: | R49: =SUM(R38:R48) -> 2 | T49: TX450-20 | U49: 3 | V49: 20 | W49: 21 | X49: =X41+X45 -> 1308 | Y49: =X49*2*2.2046/1000 -> 5.7672336 | Z49: Window Horizontal Constant | AA49: 0.4545 | AH49: Therm Glaze+Frame+Screws | AK49: - Cut Out | AN49: = Total Weight (Lbs)
A50: =A49+3 -> 150 | B50: =ROUNDDOWN(A50/12,0) -> 12 | C50: =A50-B50*12 -> 6 | D50: 6 | E50: 1 | F50: =D50+E50 -> 7 | H50: =IF(D50*21+E50*24-A50=0,0,D50*21+E50*24-A50) -> 0 | I50: =(D50*21-H50)/21 -> 6 | T50: TX450-20 | U50: 3 | V50: 20 | W50: 24 | X50: =X42+X46 -> 1498 | Y50: =X50*2*2.2046/1000 -> 6.6049816 | Z50: Window Vertical Constant | AA50: -0.431 | AF50: Model | AH50: 18" x 8" | AI50: 24" x 12" | AJ50: 34" x 16" | AK50: 18" x 8" | AL50: 24" x 12" | AM50: 34" x 16" | AN50: 18" x 8" | AO50: 24" x 12" | AP50: 34" x 16" | AT50: RECOMMENDED 16 Ga STRUT SCHEDULE FOR TX450, TX450-20, TX500, TX500-20
A51: =A50+3 -> 153 | B51: =ROUNDDOWN(A51/12,0) -> 12 | C51: =A51-B51*12 -> 9 | D51: 5 | E51: 2 | F51: =D51+E51 -> 7 | H51: =IF(D51*21+E51*24-A51=0,0,D51*21+E51*24-A51) -> 0 | I51: =(D51*21-H51)/21 -> 5 | K51: Total # of | N51: =IF('Input Data'!D37=0,"Thermalex","V130G") -> Thermalex | Q51: Panels | R51: =IF(OR('Input Data'!D11="V130G - 24'' Section",'Input Data'!D11="V130G - 21'' Section"),'Data Tables'!R49,'Data Tables'!R31) -> 2 | T51: TX450-20 | U51: 3 | V51: 16 | W51: 21 | X51: =X43+X47 -> 2088 | Y51: =X51*2*2.2046/1000 -> 9.2064096 | AF51: =A2 -> TX380 | AH51: =3.5+1.75 -> 5.25 | AI51: =5.375+2 -> 7.375 | AJ51: 15.5 | AK51: 1.76 | AL51: 2.375 | AM51: 6.5 | AN51: =AH51-AK51 -> 3.49 | AO51: =AI51-AL51 -> 5 | AP51: =AJ51-AM51 -> 9
A52: =A51+3 -> 156 | B52: =ROUNDDOWN(A52/12,0) -> 13 | C52: =A52-B52*12 -> 0 | D52: 4 | E52: 3 | F52: =D52+E52 -> 7 | H52: =IF(D52*21+E52*24-A52=0,0,D52*21+E52*24-A52) -> 0 | I52: =(D52*21-H52)/21 -> 4 | T52: TX450-20 | U52: 3 | V52: 16 | W52: 24 | X52: =X44+X48 -> 2428 | Y52: =X52*2*2.2046/1000 -> 10.705538 | Z52: 6 mm Wired Glass | AA52: 3.79 Lb/ft2 | AF52: =A3 -> TX450 | AH52: =3.6*1+0.7067*0+1.75 -> 5.35 | AI52: =6.125*1+AL62*0+2 -> 8.125 | AJ52: 15.5 | AK52: 2.85 | AL52: 2.968 | AM52: =2600/1000*2.2046 -> 5.73196 | AN52: =AH52-AK52 -> 2.5 | AO52: =AI52-AL52 -> 5.157 | AP52: =AJ52-AM52 -> 9.76804 | AT52: =6*12+1 -> 73 | AU52: =8*12+1 -> 97 | AV52: =10*12+1 -> 121 | AW52: =12*12+1 -> 145 | AX52: =14*12+1 -> 169 | AY52: =16*12+1 -> 193 | AZ52: =18*12+1 -> 217 | BA52: =20*12+1 -> 241 | BB52: =22*12+1 -> 265 | BC52: =24*12+1 -> 289 | BD52: =26*12+1 -> 313 | BE52: =22*12+1 -> 265
A53: =A52+3 -> 159 | B53: =ROUNDDOWN(A53/12,0) -> 13 | C53: =A53-B53*12 -> 3 | D53: 3 | E53: 4 | F53: =D53+E53 -> 7 | H53: =IF(D53*21+E53*24-A53=0,0,D53*21+E53*24-A53) -> 0 | I53: =(D53*21-H53)/21 -> 3 | T53: TX500 | U53: 1 | V53: 20 | W53: 21 | X53: =Y83 -> 581.05779 | Y53: =X53*2*2.2046/1000 -> 2.562 | Z53: 6 mm Wired Glass | AA53: 18.5 Kg/m2 | AB53: =18.5*1000*1/100*1/100*2.54/1*2.54/1 -> 11.93546 | AC53: grams / in2 | AF53: =A4 -> TX450-20 | AH53: =3.6+1.75 -> 5.35 | AI53: =6.125+2 -> 8.125 | AJ53: 15.5 | AK53: 2.9 | AL53: 3.13 | AM53: 6.5 | AN53: =AH53-AK53 -> 2.45 | AO53: =AI53-AL53 -> 4.995 | AP53: =AJ53-AM53 -> 9 | AS53: =CONCATENATE(TRUNC(AT53/12,0),"'-",AT53-TRUNC(AT53/12,0)*12,"''") -> 26'-3'' | AT53: =26*12+3 -> 315 | AU53: 5 | AV53: 6 | AW53: 7 | AX53: 8 | AY53: 9 | AZ53: 10 | BA53: 11 | BB53: 12 | BC53: 13 | BD53: 14
A54: =A53+3 -> 162 | B54: =ROUNDDOWN(A54/12,0) -> 13 | C54: =A54-B54*12 -> 6 | D54: 2 | E54: 5 | F54: =D54+E54 -> 7 | H54: =IF(D54*21+E54*24-A54=0,0,D54*21+E54*24-A54) -> 0 | I54: =(D54*21-H54)/21 -> 2 | T54: TX500 | U54: 1 | V54: 20 | W54: 24 | X54: =Y84 -> 664.97324 | Y54: =X54*2*2.2046/1000 -> 2.932 | Z54: Z Strut Connector | AA54: =2.266+10*0.018 -> 2.446 | AB54: Lbs/each | AC54: =2.42+10*0.018 | AF54: =A5 -> TX500 | AH54: 5.5 | AI54: =6.375+2 -> 8.375 | AJ54: 15.5 | AK54: 3 | AL54: 3.375 | AM54: 6.5 | AN54: =AH54-AK54 -> 2.5 | AO54: =AI54-AL54 -> 5 | AP54: =AJ54-AM54 -> 9 | AS54: =CONCATENATE(TRUNC(AT54/12,0),"'-",AT54-TRUNC(AT54/12,0)*12,"''") -> 27'-0'' | AT54: =27*12+0 -> 324 | AU54: 5 | AV54: 6 | AW54: 7 | AX54: 8 | AY54: 9 | AZ54: 10 | BA54: 11 | BB54: 12 | BC54: 13 | BD54: 14
A55: =A54+3 -> 165 | B55: =ROUNDDOWN(A55/12,0) -> 13 | C55: =A55-B55*12 -> 9 | D55: 1 | E55: 6 | F55: =D55+E55 -> 7 | H55: =IF(D55*21+E55*24-A55=0,0,D55*21+E55*24-A55) -> 0 | I55: =(D55*21-H55)/21 -> 1 | T55: TX500 | U55: 1 | V55: 16 | W55: 21 | X55: 894 | Y55: =X55*2*2.2046/1000 -> 3.9418248 | Z55: Z Strut Strap (Bended) | AA55: 1.6722 | AB55: Lbs/ea | AC55: =12.61/10 | AF55: =A6 -> TX500-20 | AH55: =3.75+1.75 -> 5.5 | AI55: =6.375+2 -> 8.375 | AJ55: 15.5 | AK55: 3.2 | AL55: 3.5 | AM55: 6.5 | AN55: =AH55-AK55 -> 2.3 | AO55: =AI55-AL55 -> 4.875 | AP55: =AJ55-AM55 -> 9 | AS55: =CONCATENATE(TRUNC(AT55/12,0),"'-",AT55-TRUNC(AT55/12,0)*12,"''") -> 28'-0'' | AT55: =28*12+0 -> 336 | AU55: 5 | AV55: 6 | AW55: 7 | AX55: 8 | AY55: 9 | AZ55: 10 | BA55: 11 | BB55: 12 | BC55: 13 | BD55: 14
A56: =A55+3 -> 168 | B56: =ROUNDDOWN(A56/12,0) -> 14 | C56: =A56-B56*12 -> 0 | D56: 0 | E56: 7 | F56: =D56+E56 -> 7 | H56: =IF(D56*21+E56*24-A56=0,0,D56*21+E56*24-A56) -> 0 | I56: =(D56*21-H56)/21 -> 0 | T56: TX500 | U56: 1 | V56: 16 | W56: 24 | X56: 1046 | Y56: =X56*2*2.2046/1000 -> 4.6120232 | Z56: Z Strut Strap (Straight) | AA56: 1.485 | AB56: Lbs/ea | AC56: =11.843/8 | AN56: =SUMIFS(AN51:AN55,$AF$51:$AF$55,'Input Data'!$D$2) -> 2.5 | AO56: =SUMIFS(AO51:AO55,$AF$51:$AF$55,'Input Data'!$D$2) -> 5.157 | AP56: =SUMIFS(AP51:AP55,$AF$51:$AF$55,'Input Data'!$D$2) -> 9.76804 | AS56: =CONCATENATE(TRUNC(AT56/12,0),"'-",AT56-TRUNC(AT56/12,0)*12,"''") -> 30'-0'' | AT56: =30*12+0 -> 360 | AU56: 8 | AV56: =AU56+2 -> 10 | AW56: =AV56+2 -> 12 | AX56: =AW56+2 -> 14 | AY56: =AX56+2 -> 16 | AZ56: =AY56+2 -> 18 | BA56: =AZ56+2 -> 20 | BB56: =BA56+2 -> 22 | BC56: =BB56+2 -> 24 | BD56: =BC56+2 -> 26
A57: =A56+3 -> 171 | B57: =ROUNDDOWN(A57/12,0) -> 14 | C57: =A57-B57*12 -> 3 | D57: 7 | E57: 1 | F57: =D57+E57 -> 8 | H57: =IF(D57*21+E57*24-A57=0,0,D57*21+E57*24-A57) -> 0 | I57: =(D57*21-H57)/21 -> 7 | T57: TX500 | U57: 2 | V57: 20 | W57: 21 | X57: =Y87 -> 768.16656 | Y57: =X57*2*2.2046/1000 -> 3.387 | AF57: Frame 18" x 8" + 8 Screws = 1.75 Lbs
A58: =A57+3 -> 174 | B58: =ROUNDDOWN(A58/12,0) -> 14 | C58: =A58-B58*12 -> 6 | D58: 6 | E58: 2 | F58: =D58+E58 -> 8 | H58: =IF(D58*21+E58*24-A58=0,0,D58*21+E58*24-A58) -> 0 | I58: =(D58*21-H58)/21 -> 6 | T58: TX500 | U58: 2 | V58: 20 | W58: 24 | X58: =Y88 -> 870.45269 | Y58: =X58*2*2.2046/1000 -> 3.838 | Z58: 24" Center Pickup Bottom Bracket | AA58: 8.285 | AB58: Lbs, ea | AF58: Frame 24" x 12" + 12 Screws = 2.00 Lbs | AL58: Pending to get actual weight of window cut out | AU58: =SUMIFS(AU53:AU56,$AT$53:$AT$56,'Input Data'!$F$4) -> 0 | AV58: =SUMIFS(AV53:AV56,$AT$53:$AT$56,'Input Data'!$F$4) -> 0 | AW58: =SUMIFS(AW53:AW56,$AT$53:$AT$56,'Input Data'!$F$4) -> 0 | AX58: =SUMIFS(AX53:AX56,$AT$53:$AT$56,'Input Data'!$F$4) -> 0 | AY58: =SUMIFS(AY53:AY56,$AT$53:$AT$56,'Input Data'!$F$4) -> 0 | AZ58: =SUMIFS(AZ53:AZ56,$AT$53:$AT$56,'Input Data'!$F$4) -> 0 | BA58: =SUMIFS(BA53:BA56,$AT$53:$AT$56,'Input Data'!$F$4) -> 0 | BB58: =SUMIFS(BB53:BB56,$AT$53:$AT$56,'Input Data'!$F$4) -> 0 | ... BD58: =SUMIFS(BD53:BD56,$AT$53:$AT$56,'Input Data'!$F$4) -> 0 | BE58: TX450 / TX500
A59: =A58+3 -> 177 | B59: =ROUNDDOWN(A59/12,0) -> 14 | C59: =A59-B59*12 -> 9 | D59: 5 | E59: 3 | F59: =D59+E59 -> 8 | H59: =IF(D59*21+E59*24-A59=0,0,D59*21+E59*24-A59) -> 0 | I59: =(D59*21-H59)/21 -> 5 | T59: TX500 | U59: 2 | V59: 16 | W59: 21 | X59: 1280 | Y59: =X59*2*2.2046/1000 -> 5.643776 | Z59: 24" Center Pickup Door Face Protector | AA59: =11.856/8 -> 1.482 | AB59: Lbs, ea | AF59: Frame 4" x 16" + 14 Screws = 3.28 Lbs | AU59: =IF(AND('Input Data'!$F$5>AT52,'Input Data'!$F$5<=AU52),AU58,0) -> 0 | AV59: =IF(AND('Input Data'!$F$5>AU52,'Input Data'!$F$5<=AV52),AV58,0) -> 0 | AW59: =IF(AND('Input Data'!$F$5>AV52,'Input Data'!$F$5<=AW52),AW58,0) -> 0 | AX59: =IF(AND('Input Data'!$F$5>AW52,'Input Data'!$F$5<=AX52),AX58,0) -> 0 | AY59: =IF(AND('Input Data'!$F$5>AX52,'Input Data'!$F$5<=AY52),AY58,0) -> 0 | AZ59: =IF(AND('Input Data'!$F$5>AY52,'Input Data'!$F$5<=AZ52),AZ58,0) -> 0 | BA59: =IF(AND('Input Data'!$F$5>AZ52,'Input Data'!$F$5<=BA52),BA58,0) -> 0 | BB59: =IF(AND('Input Data'!$F$5>BA52,'Input Data'!$F$5<=BB52),BB58,0) -> 0 | ... BD59: =IF(AND('Input Data'!$F$5>BC52,'Input Data'!$F$5<=BD52),BD58,0) -> 0 | BE59: =SUM(AU59:BD59) -> 0 | BF59: Total 16 Ga Struts
A60: =A59+3 -> 180 | B60: =ROUNDDOWN(A60/12,0) -> 15 | C60: =A60-B60*12 -> 0 | D60: 4 | E60: 4 | F60: =D60+E60 -> 8 | H60: =IF(D60*21+E60*24-A60=0,0,D60*21+E60*24-A60) -> 0 | I60: =(D60*21-H60)/21 -> 4 | T60: TX500 | U60: 2 | V60: 16 | W60: 24 | X60: 1462 | Y60: =X60*2*2.2046/1000 -> 6.4462504 | Z60: 21" Center Pickup Door Face Protector
A61: =A60+3 -> 183 | B61: =ROUNDDOWN(A61/12,0) -> 15 | C61: =A61-B61*12 -> 3 | D61: 3 | E61: 5 | F61: =D61+E61 -> 8 | H61: =IF(D61*21+E61*24-A61=0,0,D61*21+E61*24-A61) -> 0 | I61: =(D61*21-H61)/21 -> 3 | T61: TX500 | U61: 3 | V61: 20 | W61: 21 | X61: =X53+X57 -> 1349.2243 | Y61: =X61*2*2.2046/1000 -> 5.949 | AF61: 1/8" Acrilic Glaze 22-11/16" x 10-11/16" = 1.19 Lbs | AM61: (0.7067 Lbs/SqFt)
A62: =A61+3 -> 186 | B62: =ROUNDDOWN(A62/12,0) -> 15 | C62: =A62-B62*12 -> 6 | D62: 2 | E62: 6 | F62: =D62+E62 -> 8 | H62: =IF(D62*21+E62*24-A62=0,0,D62*21+E62*24-A62) -> 0 | I62: =(D62*21-H62)/21 -> 2 | T62: TX500 | U62: 3 | V62: 20 | W62: 24 | X62: =X54+X58 -> 1535.4259 | Y62: =X62*2*2.2046/1000 -> 6.77 | AI62: 1.19 | AJ62: Lbs | AL62: =1*AI62/AI63 -> 0.70671886 | AM62: Lbs/Sqft
A63: =A62+3 -> 189 | B63: =ROUNDDOWN(A63/12,0) -> 15 | C63: =A63-B63*12 -> 9 | D63: 1 | E63: 7 | F63: =D63+E63 -> 8 | H63: =IF(D63*21+E63*24-A63=0,0,D63*21+E63*24-A63) -> 0 | I63: =(D63*21-H63)/21 -> 1 | T63: TX500 | U63: 3 | V63: 16 | W63: 21 | X63: =X55+X59 -> 2174 | Y63: =X63*2*2.2046/1000 -> 9.5856008 | AF63: =(22+11/16)/12 -> 1.890625 | AG63: =(10+11/16)/12 -> 0.890625 | AI63: =AF63*AG63 -> 1.6838379 | AJ63: SqFt
A64: =A63+3 -> 192 | B64: =ROUNDDOWN(A64/12,0) -> 16 | C64: =A64-B64*12 -> 0 | D64: 0 | E64: 8 | F64: =D64+E64 -> 8 | H64: =IF(D64*21+E64*24-A64=0,0,D64*21+E64*24-A64) -> 0 | I64: =(D64*21-H64)/21 -> 0 | T64: TX500 | U64: 3 | V64: 16 | W64: 24 | X64: =X56+X60 -> 2508 | Y64: =X64*2*2.2046/1000 -> 11.058274
A65: =A64+3 -> 195 | B65: =ROUNDDOWN(A65/12,0) -> 16 | C65: =A65-B65*12 -> 3 | D65: 7 | E65: 2 | F65: =D65+E65 -> 9 | H65: =IF(D65*21+E65*24-A65=0,0,D65*21+E65*24-A65) -> 0 | I65: =(D65*21-H65)/21 -> 7 | T65: TX500-20 | U65: 1 | V65: 20 | W65: 21 | X65: 581 | Y65: =X65*2*2.2046/1000 -> 2.5617452
A66: =A65+3 -> 198 | B66: =ROUNDDOWN(A66/12,0) -> 16 | C66: =A66-B66*12 -> 6 | D66: 6 | E66: 3 | F66: =D66+E66 -> 9 | H66: =IF(D66*21+E66*24-A66=0,0,D66*21+E66*24-A66) -> 0 | I66: =(D66*21-H66)/21 -> 6 | T66: TX500-20 | U66: 1 | V66: 20 | W66: 24 | X66: 665 | Y66: =X66*2*2.2046/1000 -> 2.932118
A67: =A66+3 -> 201 | B67: =ROUNDDOWN(A67/12,0) -> 16 | C67: =A67-B67*12 -> 9 | D67: 5 | E67: 4 | F67: =D67+E67 -> 9 | H67: =IF(D67*21+E67*24-A67=0,0,D67*21+E67*24-A67) -> 0 | I67: =(D67*21-H67)/21 -> 5 | T67: TX500-20 | U67: 1 | V67: 16 | W67: 21 | X67: 894 | Y67: =X67*2*2.2046/1000 -> 3.9418248
A68: =A67+3 -> 204 | B68: =ROUNDDOWN(A68/12,0) -> 17 | C68: =A68-B68*12 -> 0 | D68: 4 | E68: 5 | F68: =D68+E68 -> 9 | H68: =IF(D68*21+E68*24-A68=0,0,D68*21+E68*24-A68) -> 0 | I68: =(D68*21-H68)/21 -> 4 | T68: TX500-20 | U68: 1 | V68: 16 | W68: 24 | X68: 1046 | Y68: =X68*2*2.2046/1000 -> 4.6120232
A69: =A68+3 -> 207 | B69: =ROUNDDOWN(A69/12,0) -> 17 | C69: =A69-B69*12 -> 3 | D69: 3 | E69: 6 | F69: =D69+E69 -> 9 | H69: =IF(D69*21+E69*24-A69=0,0,D69*21+E69*24-A69) -> 0 | I69: =(D69*21-H69)/21 -> 3 | T69: TX500-20 | U69: 2 | V69: 20 | W69: 21 | X69: 768 | Y69: =X69*2*2.2046/1000 -> 3.3862656
A70: =A69+3 -> 210 | B70: =ROUNDDOWN(A70/12,0) -> 17 | C70: =A70-B70*12 -> 6 | D70: 2 | E70: 7 | F70: =D70+E70 -> 9 | H70: =IF(D70*21+E70*24-A70=0,0,D70*21+E70*24-A70) -> 0 | I70: =(D70*21-H70)/21 -> 2 | T70: TX500-20 | U70: 2 | V70: 20 | W70: 24 | X70: 914 | Y70: =X70*2*2.2046/1000 -> 4.0300088
A71: =A70+3 -> 213 | B71: =ROUNDDOWN(A71/12,0) -> 17 | C71: =A71-B71*12 -> 9 | D71: 1 | E71: 8 | F71: =D71+E71 -> 9 | H71: =IF(D71*21+E71*24-A71=0,0,D71*21+E71*24-A71) -> 0 | I71: =(D71*21-H71)/21 -> 1 | T71: TX500-20 | U71: 2 | V71: 16 | W71: 21 | X71: 1280 | Y71: =X71*2*2.2046/1000 -> 5.643776
A72: =A71+3 -> 216 | B72: =ROUNDDOWN(A72/12,0) -> 18 | C72: =A72-B72*12 -> 0 | D72: 0 | E72: 9 | F72: =D72+E72 -> 9 | H72: =IF(D72*21+E72*24-A72=0,0,D72*21+E72*24-A72) -> 0 | I72: =(D72*21-H72)/21 -> 0 | T72: TX500-20 | U72: 2 | V72: 16 | W72: 24 | X72: 1462 | Y72: =X72*2*2.2046/1000 -> 6.4462504
A73: =A72+3 -> 219 | B73: =ROUNDDOWN(A73/12,0) -> 18 | C73: =A73-B73*12 -> 3 | D73: 7 | E73: 3 | F73: =D73+E73 -> 10 | H73: =IF(D73*21+E73*24-A73=0,0,D73*21+E73*24-A73) -> 0 | I73: =(D73*21-H73)/21 -> 7 | T73: TX500-20 | U73: 2 | V73: 20 | W73: 21 | X73: =X65+X69 -> 1349
A74: =A73+3 -> 222 | B74: =ROUNDDOWN(A74/12,0) -> 18 | C74: =A74-B74*12 -> 6 | D74: 6 | E74: 4 | F74: =D74+E74 -> 10 | H74: =IF(D74*21+E74*24-A74=0,0,D74*21+E74*24-A74) -> 0 | I74: =(D74*21-H74)/21 -> 6 | T74: TX500-20 | U74: 2 | V74: 20 | W74: 24 | X74: =X66+X70 -> 1579
A75: =A74+3 -> 225 | B75: =ROUNDDOWN(A75/12,0) -> 18 | C75: =A75-B75*12 -> 9 | D75: 5 | E75: 5 | F75: =D75+E75 -> 10 | H75: =IF(D75*21+E75*24-A75=0,0,D75*21+E75*24-A75) -> 0 | I75: =(D75*21-H75)/21 -> 5 | T75: TX500-20 | U75: 2 | V75: 16 | W75: 21 | X75: =X67+X71 -> 2174
A76: =A75+3 -> 228 | B76: =ROUNDDOWN(A76/12,0) -> 19 | C76: =A76-B76*12 -> 0 | D76: 4 | E76: 6 | F76: =D76+E76 -> 10 | H76: =IF(D76*21+E76*24-A76=0,0,D76*21+E76*24-A76) -> 0 | I76: =(D76*21-H76)/21 -> 4 | T76: TX500-20 | U76: 2 | V76: 16 | W76: 24 | X76: =X68+X72 -> 2508
A77: =A76+3 -> 231 | B77: =ROUNDDOWN(A77/12,0) -> 19 | C77: =A77-B77*12 -> 3 | D77: 3 | E77: 7 | F77: =D77+E77 -> 10 | H77: =IF(D77*21+E77*24-A77=0,0,D77*21+E77*24-A77) -> 0 | I77: =(D77*21-H77)/21 -> 3
A78: =A77+3 -> 234 | B78: =ROUNDDOWN(A78/12,0) -> 19 | C78: =A78-B78*12 -> 6 | D78: 2 | E78: 8 | F78: =D78+E78 -> 10 | H78: =IF(D78*21+E78*24-A78=0,0,D78*21+E78*24-A78) -> 0 | I78: =(D78*21-H78)/21 -> 2
A79: =A78+3 -> 237 | B79: =ROUNDDOWN(A79/12,0) -> 19 | C79: =A79-B79*12 -> 9 | D79: 1 | E79: 9 | F79: =D79+E79 -> 10 | H79: =IF(D79*21+E79*24-A79=0,0,D79*21+E79*24-A79) -> 0 | I79: =(D79*21-H79)/21 -> 1
A80: =A79+3 -> 240 | B80: =ROUNDDOWN(A80/12,0) -> 20 | C80: =A80-B80*12 -> 0 | D80: 0 | E80: 10 | F80: =D80+E80 -> 10 | H80: =IF(D80*21+E80*24-A80=0,0,D80*21+E80*24-A80) -> 0 | I80: =(D80*21-H80)/21 -> 0
A81: =A80+3 -> 243 | B81: =ROUNDDOWN(A81/12,0) -> 20 | C81: =A81-B81*12 -> 3 | D81: 7 | E81: 4 | F81: =D81+E81 -> 11 | H81: =IF(D81*21+E81*24-A81=0,0,D81*21+E81*24-A81) -> 0 | I81: =(D81*21-H81)/21 -> 7
A82: =A81+3 -> 246 | B82: =ROUNDDOWN(A82/12,0) -> 20 | C82: =A82-B82*12 -> 6 | D82: 6 | E82: 5 | F82: =D82+E82 -> 11 | H82: =IF(D82*21+E82*24-A82=0,0,D82*21+E82*24-A82) -> 0 | I82: =(D82*21-H82)/21 -> 6 | U82: Single | X82: Lbs | Y82: Grams
A83: =A82+3 -> 249 | B83: =ROUNDDOWN(A83/12,0) -> 20 | C83: =A83-B83*12 -> 9 | D83: 5 | E83: 6 | F83: =D83+E83 -> 11 | H83: =IF(D83*21+E83*24-A83=0,0,D83*21+E83*24-A83) -> 0 | I83: =(D83*21-H83)/21 -> 5 | T83: TX500 | U83: 1 | V83: 20 | W83: 21 | X83: 1.281 | Y83: =X83/2.2046*1000 -> 581.05779 | Z83: Weight updated on Sep 23, 2015
A84: =A83+3 -> 252 | B84: =ROUNDDOWN(A84/12,0) -> 21 | C84: =A84-B84*12 -> 0 | D84: 4 | E84: 7 | F84: =D84+E84 -> 11 | H84: =IF(D84*21+E84*24-A84=0,0,D84*21+E84*24-A84) -> 0 | I84: =(D84*21-H84)/21 -> 4 | T84: TX500 | U84: 1 | V84: 20 | W84: 24 | X84: 1.466 | Y84: =X84/2.2046*1000 -> 664.97324 | Z84: Weight updated on Sep 23, 2015
A85: =A84+3 -> 255 | B85: =ROUNDDOWN(A85/12,0) -> 21 | C85: =A85-B85*12 -> 3 | D85: 3 | E85: 8 | F85: =D85+E85 -> 11 | H85: =IF(D85*21+E85*24-A85=0,0,D85*21+E85*24-A85) -> 0 | I85: =(D85*21-H85)/21 -> 3
A86: =A85+3 -> 258 | B86: =ROUNDDOWN(A86/12,0) -> 21 | C86: =A86-B86*12 -> 6 | D86: 2 | E86: 9 | F86: =D86+E86 -> 11 | H86: =IF(D86*21+E86*24-A86=0,0,D86*21+E86*24-A86) -> 0 | I86: =(D86*21-H86)/21 -> 2 | U86: Double | X86: Lbs | Y86: Grams
A87: =A86+3 -> 261 | B87: =ROUNDDOWN(A87/12,0) -> 21 | C87: =A87-B87*12 -> 9 | D87: 1 | E87: 10 | F87: =D87+E87 -> 11 | H87: =IF(D87*21+E87*24-A87=0,0,D87*21+E87*24-A87) -> 0 | I87: =(D87*21-H87)/21 -> 1 | T87: TX500 | U87: 2 | V87: 20 | W87: 21 | X87: 1.6935 | Y87: =X87/2.2046*1000 -> 768.16656 | Z87: Weight updated on Sep 23, 2015
A88: =A87+3 -> 264 | B88: =ROUNDDOWN(A88/12,0) -> 22 | C88: =A88-B88*12 -> 0 | D88: 0 | E88: 11 | F88: =D88+E88 -> 11 | H88: =IF(D88*21+E88*24-A88=0,0,D88*21+E88*24-A88) -> 0 | I88: =(D88*21-H88)/21 -> 0 | T88: TX500 | U88: 2 | V88: 20 | W88: 24 | X88: 1.919 | Y88: =X88/2.2046*1000 -> 870.45269 | Z88: Weight updated on Dec 17, 2015
A89: =A88+3 -> 267 | B89: =ROUNDDOWN(A89/12,0) -> 22 | C89: =A89-B89*12 -> 3 | D89: 7 | E89: 5 | F89: =D89+E89 -> 12 | H89: =IF(D89*21+E89*24-A89=0,0,D89*21+E89*24-A89) -> 0 | I89: =(D89*21-H89)/21 -> 7
A90: =A89+3 -> 270 | B90: =ROUNDDOWN(A90/12,0) -> 22 | C90: =A90-B90*12 -> 6 | D90: 6 | E90: 6 | F90: =D90+E90 -> 12 | H90: =IF(D90*21+E90*24-A90=0,0,D90*21+E90*24-A90) -> 0 | I90: =(D90*21-H90)/21 -> 6
A91: =A90+3 -> 273 | B91: =ROUNDDOWN(A91/12,0) -> 22 | C91: =A91-B91*12 -> 9 | D91: 5 | E91: 7 | F91: =D91+E91 -> 12 | H91: =IF(D91*21+E91*24-A91=0,0,D91*21+E91*24-A91) -> 0 | I91: =(D91*21-H91)/21 -> 5
A92: =A91+3 -> 276 | B92: =ROUNDDOWN(A92/12,0) -> 23 | C92: =A92-B92*12 -> 0 | D92: 4 | E92: 8 | F92: =D92+E92 -> 12 | H92: =IF(D92*21+E92*24-A92=0,0,D92*21+E92*24-A92) -> 0 | I92: =(D92*21-H92)/21 -> 4
A93: =A92+3 -> 279 | B93: =ROUNDDOWN(A93/12,0) -> 23 | C93: =A93-B93*12 -> 3 | D93: 3 | E93: 9 | F93: =D93+E93 -> 12 | H93: =IF(D93*21+E93*24-A93=0,0,D93*21+E93*24-A93) -> 0 | I93: =(D93*21-H93)/21 -> 3
A94: =A93+3 -> 282 | B94: =ROUNDDOWN(A94/12,0) -> 23 | C94: =A94-B94*12 -> 6 | D94: 2 | E94: 10 | F94: =D94+E94 -> 12 | H94: =IF(D94*21+E94*24-A94=0,0,D94*21+E94*24-A94) -> 0 | I94: =(D94*21-H94)/21 -> 2
A95: =A94+3 -> 285 | B95: =ROUNDDOWN(A95/12,0) -> 23 | C95: =A95-B95*12 -> 9 | D95: 1 | E95: 11 | F95: =D95+E95 -> 12 | H95: =IF(D95*21+E95*24-A95=0,0,D95*21+E95*24-A95) -> 0 | I95: =(D95*21-H95)/21 -> 1
A96: =A95+3 -> 288 | B96: =ROUNDDOWN(A96/12,0) -> 24 | C96: =A96-B96*12 -> 0 | D96: 0 | E96: 12 | F96: =D96+E96 -> 12 | H96: =IF(D96*21+E96*24-A96=0,0,D96*21+E96*24-A96) -> 0 | I96: =(D96*21-H96)/21 -> 0
A97: =A96+3 -> 291 | B97: =ROUNDDOWN(A97/12,0) -> 24 | C97: =A97-B97*12 -> 3 | D97: 7 | E97: 6 | F97: =D97+E97 -> 13 | H97: =IF(D97*21+E97*24-A97=0,0,D97*21+E97*24-A97) -> 0 | I97: =(D97*21-H97)/21 -> 7
A98: =A97+3 -> 294 | B98: =ROUNDDOWN(A98/12,0) -> 24 | C98: =A98-B98*12 -> 6 | D98: 6 | E98: 7 | F98: =D98+E98 -> 13 | H98: =IF(D98*21+E98*24-A98=0,0,D98*21+E98*24-A98) -> 0 | I98: =(D98*21-H98)/21 -> 6
A99: =A98+3 -> 297 | B99: =ROUNDDOWN(A99/12,0) -> 24 | C99: =A99-B99*12 -> 9 | D99: 5 | E99: 8 | F99: =D99+E99 -> 13 | H99: =IF(D99*21+E99*24-A99=0,0,D99*21+E99*24-A99) -> 0 | I99: =(D99*21-H99)/21 -> 5
A100: =A99+3 -> 300 | B100: =ROUNDDOWN(A100/12,0) -> 25 | C100: =A100-B100*12 -> 0 | D100: 4 | E100: 9 | F100: =D100+E100 -> 13 | H100: =IF(D100*21+E100*24-A100=0,0,D100*21+E100*24-A100) -> 0 | I100: =(D100*21-H100)/21 -> 4
...

Sheet Sub-Routine for U.S.T. and misc
B1: Do Not Write in this sheet, ALL INPUT DATA MUST BE DONE IN Track B.O.M. sheet
D2: Ft | E2: In | F2: Total In | H2: Track Type
A3: 8 | B3: 0 | D3: Ft | E3: In | F3: Total In | H3: Standard Lift | I3: =IF('Track B.O.M.'!C7=0,1,0) -> 0
A4: 12 | B4: 0 | C4: Door Height | D4: ='Track B.O.M.'!A4 -> 10 | E4: ='Track B.O.M.'!B4 -> 0 | F4: =D4*12+E4 -> 120 | H4: 15" Radius | I4: =IF('Track B.O.M.'!C11=15,1,0) -> 0
H5: 12" Radius | I5: =IF('Track B.O.M.'!C11=12,1,0) -> 0 | J5: =IF(I3=0,"",IF(AND(OR(I4=0,I4=1),(OR(I5=0,I5=1))),IF(I4+I5=1,"OK","Input Track Error")))
C6: 0 | D6: =IF('Track B.O.M.'!C5=2,1,0) -> 0
C7: 2 | D7: =IF('Track B.O.M.'!C5=3,1,0) -> 1 | E7: =IF(AND(OR(D6=0,D6=1),(OR(D7=0,D7=1))),IF(D6+D7=1,"OK","Input Track Error")) -> OK | H7: Low Head Room | I7: =IF('Track B.O.M.'!C7=1,1,0) -> 0
C8: 42 | H8: Low Head Room - Front Mount | I8: =IF('Track B.O.M.'!C9=1,1,0) -> 0
H9: Low Head Room - Rear Mount | I9: =IF('Track B.O.M.'!C9=0,1,0) -> 0 | J9: =IF(I7=0,"",IF(AND(OR(I8=0,I8=1),(OR(I9=0,I9=1))),IF(I8+I9=1,"OK","Input Track Error")))
H11: High Lift | I11: =IF('Track B.O.M.'!C7=2,1,0) -> 0 | J11: 5
H12: Amount of HL | I12: ='Track B.O.M.'!C8 -> 45 | J12: =IF(I11=0,"",IF(OR(I11=0,I11=1),IF(I12>11,"Ok","Error")))
H14: Vertical Lift | I14: =IF('Track B.O.M.'!C7=3,1,0) -> 1 | J14: =IF(I3+I7+I11+I14=1,"Ok","Track Lift Error") -> Ok
J15: =IF(AND(E7="ok",J14="ok"),1,"Error") -> 1
B16: Track size (in) | C16: =2*D6+3*D7 -> 3
B17: Track Type | C17: =VLOOKUP(1,A30:B46,2,FALSE) -> VERTICAL LIFT
B18: U.S.T. (above door height) (in) | C18: =SUM(C40:C46)+SUM(C30:C36) -> 0 | D18: =INT(C18/12) -> 0 | E18: =C18-D18*12 -> 0
B19: CL Shaft (from top of door) (in) | C19: =SUM(D40:D46)+SUM(D30:D36) -> 132 | D19: =INT(C19/12) -> 11 | E19: =C19-D19*12 -> 0
B20: Headroom (min) (from top of door) (in) | C20: =SUM(E40:E46)+SUM(E30:E36) -> 138 | D20: =INT(C20/12) -> 11 | E20: =C20-D20*12 -> 6
B21: Back Room (in) | C21: =SUM(F40:F46)+SUM(F30:F36) -> 18 | D21: =INT(C21/12) -> 1 | E21: =C21-D21*12 -> 6
B23: Side Room Angle Mount (in) | C23: =SUM(G40:G46)+SUM(G30:G36) -> 3.5
B24: Center Post Angle Mount (in) | C24: =SUM(H40:H46)+SUM(H30:H36) -> 7
B25: Side Room Bracket Mount (in) | C25: =SUM(I40:I46)+SUM(I30:I36) -> 4.25
B26: Center Post Bracket Mount (in) | C26: =SUM(J40:J46)+SUM(J30:J36) -> 8.5
B29: 2" Track Type | C29: U.S.T. | D29: CL Shaft | E29: Headroom (min) | F29: Back Room | G29: Side Room Angle Mount | H29: Center Post Angle Mount | I29: Side Room Bracket Mount | J29: Center Post Bracket Mount
A30: =IF(AND(D6=1,I3=1,I5=1),1,)*J15 -> 0 | B30: STD LIFT, R12, Opening height up to 18' | C30: =(F4+3.5)*A30 -> 0 | D30: =9.5*A30 -> 0 | E30: =12.75*A30 -> 0 | F30: =(F4+18)*A30 -> 0 | G30: =3.25*A30 -> 0 | H30: =6.5*A30 -> 0 | I30: =3.75*A30 -> 0 | J30: =7.5*A30 -> 0
A31: =IF(AND(D6=1,I3=1,I4=1),1,)*J15 -> 0 | B31: STD LIFT, R15, Opening height up to 18' | C31: =(F4+6.5)*A31 -> 0 | D31: =12.5*A31 -> 0 | E31: =15.75*A31 -> 0 | F31: =(F4+18)*A31 -> 0 | G31: =3.25*A31 -> 0 | H31: =6.5*A31 -> 0 | I31: =3.75*A31 -> 0 | J31: =7.5*A31 -> 0
A32: =IF(AND(D6=1, I11=1,I12>11,I12<55),1,)*J15 -> 0 | B32: HIGH LIFT, R15, 54" H.L. Max | C32: =(IF(AND(I12>11,I12<55),F4+I12,0))*A32 -> 0 | D32: =(I12+6)*A32 -> 0 | E32: =(I12+10)*A32 -> 0 | F32: =(F4-I12+30)*A32 -> 0 | G32: =3.25*A32 -> 0 | H32: =6.5*A32 -> 0 | I32: =3.75*A32 -> 0 | J32: =7.5*A32 -> 0
A33: =IF(AND(D6=1, I11=1,I12>54,I12<121),1,)*J15 -> 0 | B33: HIGH LIFT, R15, 120" H.L. Max | C33: =(IF(AND(I12>54,I12<121),F4+I12,0))*A33 -> 0 | D33: =(I12+6.5)*A33 -> 0 | E33: =(I12+11.5)*A33 -> 0 | F33: =(F4-I12+30)*A33 -> 0 | G33: =3.25*A33 -> 0 | H33: =6.5*A33 -> 0 | I33: =3.75*A33 -> 0 | J33: =7.5*A33 -> 0
A34: =IF(AND(D6=1, I14=1),1,)*J15 -> 0 | B34: VERTICAL LIFT | C34: =IF(A34=0,0,"N/A") -> 0 | D34: =(F4+12)*A34 -> 0 | E34: =(F4+18)*A34 -> 0 | F34: =18*A34 -> 0 | G34: =3.25*A34 -> 0 | H34: =6.5*A34 -> 0 | I34: =3.75*A34 -> 0 | J34: =7.5*A34 -> 0
A35: =IF(AND(D6=1, I7=1,I8=1),1,)*J15 -> 0 | B35: LOW HEAD ROOM - Front Mount | C35: 0 | D35: =6.5*A35 -> 0 | E35: =10*A35 -> 0 | F35: =(F4+18)*A35 -> 0 | G35: =6.5*A35 -> 0 | H35: =IF(A35=0,0,"N/A") -> 0 | I35: =5.5*A35 -> 0 | J35: =IF(A35=0,0,"N/A") -> 0
A36: =IF(AND(D6=1, I7=1,I9=1),1,)*J15 -> 0 | B36: LOW HEAD ROOM - Rear Mount | C36: 0 | D36: =2*A36 -> 0 | E36: =5.5*A36 -> 0 | F36: =(F4+18)*A36 -> 0 | G36: =6.5*A36 -> 0 | H36: =IF(A36=0,0,"N/A") -> 0 | I36: =5.5*A36 -> 0 | J36: =IF(A36=0,0,"N/A") -> 0
B39: 3" Track Type | C39: U.S.T. | D39: CL Shaft | E39: Headroom (min) | F39: Back Room | G39: Side Room Angle Mount | H39: Center Post Angle Mount | I39: Side Room Bracket Mount | J39: Center Post Bracket Mount
A40: =IF(AND(D7=1,I3=1,I4=1,F4<217),1,)*J15 -> 0 | B40: STD LIFT, R15, Opening height up to 18' | C40: =(F4+7.5)*A40 -> 0 | D40: =14.5*A40 -> 0 | E40: =17.75*A40 -> 0 | F40: =(F4+18)*A40 -> 0 | G40: =3.5*A40 -> 0 | H40: =7*A40 -> 0 | I40: =4.25*A40 -> 0 | J40: =8.5*A40 -> 0
A41: =IF(AND(D7=1,I3=1,I4=1,F4>216),1,)*J15 -> 0 | B41: STD LIFT, R15, Opening height above 18' | C41: =(F4+7.5)*A41 -> 0 | D41: =15.5*A41 -> 0 | E41: =20.5*A41 -> 0 | F41: =(F4+18)*A41 -> 0 | G41: =3.5*A41 -> 0 | H41: =7*A41 -> 0 | I41: =4.25*A41 -> 0 | J41: =8.5*A41 -> 0
A42: =IF(AND(D7=1,I11=1,I12>11,I12<55),1,)*J15 -> 0 | B42: HIGH LIFT, R15, 54" H.L. Max | C42: =(IF(AND(I12>11,I12<55),F4+I12,0))*A42 -> 0 | D42: =(I12+7)*A42 -> 0 | E42: =(I12+11)*A42 -> 0 | F42: =(F4-I12+30)*A42 -> 0 | G42: =3.5*A42 -> 0 | H42: =7*A42 -> 0 | I42: =4.25*A42 -> 0 | J42: =8.5*A42 -> 0
A43: =IF(AND(D7=1,I11=1,I12>54,I12<165),1,)*J15 -> 0 | B43: HIGH LIFT, R15, 164" H.L. Max | C43: =(IF(AND(I12>54,I12<165),F4+I12,0))*A43 -> 0 | D43: =(I12+7.5)*A43 -> 0 | E43: =(I12+14)*A43 -> 0 | F43: =(F4-I12+30)*A43 -> 0 | G43: =3.5*A43 -> 0 | H43: =7*A43 -> 0 | I43: =4.25*A43 -> 0 | J43: =8.5*A43 -> 0
A44: =IF(AND(D7=1,I14=1),1,)*J15 -> 1 | B44: VERTICAL LIFT | C44: =IF(A44=0,0,"N/A") -> N/A | D44: =(F4+12)*A44 -> 132 | E44: =(F4+18)*A44 -> 138 | F44: =18*A44 -> 18 | G44: =3.5*A44 -> 3.5 | H44: =7*A44 -> 7 | I44: =4.25*A44 -> 4.25 | J44: =8.5*A44 -> 8.5
A45: =IF(AND(D7=1, I7=1,I8=1),1,)*J15 -> 0 | B45: LOW HEAD ROOM - Front Mount | C45: 0 | D45: =7.5*A45 -> 0 | E45: =11*A45 -> 0 | F45: =(F4+18)*A45 -> 0 | G45: =6.75*A45 -> 0 | H45: =IF(A45=0,0,"N/A") -> 0 | I45: =6.25*A45 -> 0 | J45: =IF(A45=0,0,"N/A") -> 0
A46: =IF(AND(D7=1, I7=1,I9=1),1,)*J15 -> 0 | B46: LOW HEAD ROOM - Rear Mount | C46: 0 | D46: =3*A46 -> 0 | E46: =7*A46 -> 0 | F46: =(F4+18)*A46 -> 0 | G46: =6.75*A46 -> 0 | H46: =IF(A46=0,0,"N/A") -> 0 | I46: =6.25*A46 -> 0 | J46: =IF(A46=0,0,"N/A") -> 0
B48: 2" Track Type | C48: U.S.T. | D48: CL Shaft | E48: Headroom (min) | F48: Back Room | G48: Side Room Angle Mount | H48: Center Post Angle Mount | I48: Side Room Bracket Mount | J48: Center Post Bracket Mount
B49: STD LIFT, R12, Opening height up to 18' | C49: 3.5 | D49: 9.5 | E49: 12.75 | F49: H + 18 | G49: 3.25 | H49: 6.5 | I49: 3.75 | J49: 7.5
B50: STD LIFT, R15, Opening height up to 18' | C50: 6.5 | D50: 12.5 | E50: 15.75 | F50: H + 18 | G50: 3.25 | H50: 6.5 | I50: 3.75 | J50: 7.5
B51: HIGH LIFT, R15, 54" H.L. Max | C51: HL (up to 54") | D51: HL + 6 | E51: HL + 10 | F51: H - HL + 30 | G51: 3.25 | H51: 6.5 | I51: 3.75 | J51: 7.5
B52: HIGH LIFT, R15, 120" H.L. Max | C52: HL (Above 54" up to 120") | D52: HL + 6.5 | E52: HL + 11.5 | F52: H - HL + 30 | G52: 3.25 | H52: 6.5 | I52: 3.75 | J52: 7.5
B53: VERTICAL LIFT | C53: N/A | D53: H + 12 | E53: H + 18 | F53: 18 | G53: 3.25 | H53: 6.5 | I53: 3.75 | J53: 7.5
B54: LOW HEAD ROOM - Front Mount | C54: 0 | D54: 6.5 | E54: 10 | F54: H + 18 | G54: 6.5 | H54: N/A | I54: 5.5 | J54: N/A
B55: LOW HEAD ROOM - Rear Mount | C55: 0 | D55: 2 | E55: 5.5 | F55: H + 18 | G55: 6.5 | H55: N/A | I55: 5.5 | J55: N/A
B57: 3" Track Type | C57: U.S.T. | D57: CL Shaft | E57: Headroom (min) | F57: Back Room | G57: Side Room Angle Mount | H57: Center Post Angle Mount | I57: Side Room Bracket Mount | J57: Center Post Bracket Mount
B58: STD LIFT, R15, Opening height up to 18' | C58: 7.5 | D58: 14.5 | E58: 17.75 | F58: H + 18 | G58: 3.5 | H58: 7 | I58: 4.25 | J58: 8.5
B59: STD LIFT, R15, Opening height above 18' | C59: 7.5 | D59: 15.5 | E59: 20.5 | F59: H + 18 | G59: 3.5 | H59: 7 | I59: 4.25 | J59: 8.5
B60: HIGH LIFT, R15, 54" H.L. Max | C60: HL (up to 54") | D60: HL + 7 | E60: HL + 11 | F60: H - HL + 30 | G60: 3.5 | H60: 7 | I60: 4.25 | J60: 8.5
B61: HIGH LIFT, R15, 164" H.L. Max | C61: HL (Above 54" up to 164") | D61: HL + 7.5 | E61: HL + 14 | F61: H - HL + 30 | G61: 3.5 | H61: 7 | I61: 4.25 | J61: 8.5
B62: VERTICAL LIFT | C62: N/A | D62: H + 12 | E62: H + 18 | F62: 18 | G62: 3.5 | H62: 7 | I62: 4.25 | J62: 8.5
